AF1,SE2,AG3,SD4,AF5,SE6,AG7,SD8,AF9,SE10,AG11,SD12,AF13,SE14,AG15,SD16,AF17,SE18,AG19,SD20,AF21,SE22,AG23,SD24,AF25,SE26,AG27,SD28,AF29,SE30,AG31,SD32
2,2,3,1,4,5,4,3,4,3,3,1,5,4,4,4,2,3,3,1,4,4,3,2,1,3,2,4,2,4,2,2
2,3,2,2,4,4,4,3,4,3,4,3,3,4,5,4,2,2,3,2,3,3,4,2,2,5,1,2,4,4,3,1
3,4,3,3,4,4,3,1,2,4,3,2,4,4,3,3,2,4,2,1,4,2,4,3,2,4,3,3,2,5,4,2
3,3,3,4,3,5,4,3,-1,4,2,4,4,5,4,3,3,3,3,3,4,3,2,4,2,4,2,2,4,5,3,3
1,4,2,2,3,5,4,1,4,4,2,2,5,4,4,4,2,3,2,1,5,3,3,1,1,5,2,3,2,5,4,2
3,3,3,2,3,3,4,2,2,1,3,3,4,4,4,3,2,1,4,2,4,4,4,2,2,3,2,4,3,4,3,3
4,1,2,4,2,3,3,3,4,4,4,1,2,1,2,4,4,1,3,1,3,2,2,3,4,3,2,2,3,3,4,4
2,4,4,1,5,5,4,3,2,4,3,3,5,4,3,3,3,4,5,3,4,3,3,1,1,4,2,4,1,5,2,2
2,2,1,1,3,4,3,1,3,3,2,2,5,3,3,4,2,2,4,1,4,4,4,2,1,3,4,4,1,5,2,1
4,2,4,1,3,5,4,2,3,1,5,3,1,3,1,5,5,1,3,1,2,1,5,2,4,5,5,2,1,5,3,2
1,5,1,3,4,5,4,3,2,5,5,3,5,5,5,2,2,5,4,1,5,1,4,4,1,5,2,2,2,5,2,3
1,3,5,5,5,5,1,4,1,3,5,4,5,3,3,2,1,3,5,1,5,1,1,3,1,5,3,1,1,5,1,3
2,3,2,4,2,5,3,3,3,1,4,5,5,4,4,2,3,2,2,2,4,4,2,1,-1,2,1,3,1,5,3,1
4,2,2,2,2,2,3,1,5,1,5,1,4,2,3,5,4,2,1,1,2,2,4,3,2,2,2,2,4,4,2,1
1,2,3,3,5,5,3,2,3,1,1,3,4,4,5,4,1,1,3,1,5,3,5,2,1,4,1,1,1,5,4,4
2,4,4,4,4,5,5,3,2,3,1,4,4,3,3,2,2,4,3,2,4,2,3,2,2,4,1,4,2,4,4,4
1,3,4,2,5,5,3,1,1,2,2,3,5,3,3,3,1,2,3,1,5,3,4,1,1,3,1,3,1,4,4,2
3,4,3,2,5,5,4,1,2,5,3,4,3,5,4,5,2,5,3,1,5,2,3,2,2,5,3,1,3,5,4,3
1,4,2,3,4,5,2,3,3,4,4,4,5,3,1,2,3,3,5,2,4,3,3,2,1,4,2,3,2,5,1,2
3,5,2,2,3,4,3,2,2,3,2,3,3,4,3,3,1,3,2,2,5,2,3,2,2,4,2,2,3,5,3,3
4,3,3,2,2,4,3,1,3,2,1,2,5,3,5,1,4,3,1,1,5,2,3,3,1,2,1,1,1,5,1,1
1,3,1,3,4,4,4,2,3,2,2,2,4,4,5,3,3,2,2,2,5,4,5,1,1,3,1,3,2,3,5,2
4,3,1,2,2,5,4,2,2,2,2,2,4,3,5,4,4,3,2,2,4,3,4,2,2,3,1,2,4,5,4,2
3,4,1,5,4,4,3,4,2,4,2,4,4,3,5,4,2,3,2,3,4,3,3,3,2,4,1,4,3,5,4,3
1,4,3,4,4,5,4,2,3,1,4,4,5,5,2,4,1,1,3,2,5,2,2,1,1,5,4,3,2,5,2,1
1,2,3,4,4,5,-1,3,3,3,2,4,5,4,4,3,1,3,2,2,5,3,4,4,1,4,1,4,2,3,4,3
4,2,1,1,1,4,2,1,5,1,4,1,1,1,3,5,5,1,2,1,1,5,5,2,5,2,1,1,3,3,3,1
3,3,2,3,2,3,4,1,3,2,1,2,4,4,4,3,3,3,1,1,4,3,3,2,2,3,1,1,2,4,2,3
4,4,3,3,4,2,2,4,2,3,4,4,2,4,4,2,3,4,4,4,3,2,4,4,3,2,4,4,2,2,3,4
3,4,1,3,2,4,5,1,3,4,1,2,3,4,5,3,3,4,1,1,4,2,3,4,2,4,1,2,5,4,5,2
3,1,2,2,4,4,4,1,4,1,2,2,4,2,4,4,2,1,4,1,4,4,3,2,2,2,2,2,3,3,5,2
2,3,4,5,3,4,4,5,4,3,2,4,5,4,2,1,2,3,4,5,5,2,4,5,1,4,1,3,4,5,4,5
3,3,2,3,1,2,3,2,4,2,3,3,4,2,4,3,3,2,2,2,3,4,2,3,2,2,1,2,5,3,1,3
1,5,4,4,4,5,3,4,2,5,5,5,5,5,2,1,1,5,5,4,5,2,1,5,1,5,5,5,2,5,1,4
3,4,3,2,4,4,4,3,2,1,3,3,5,3,2,4,2,2,2,1,4,2,2,2,1,3,2,4,2,4,4,2
3,2,3,4,4,4,3,2,2,1,2,3,3,2,4,4,2,1,4,1,5,3,1,2,2,1,1,1,2,4,4,3
1,5,4,2,4,4,3,3,2,4,2,4,5,5,1,1,1,4,4,4,4,2,2,3,1,5,4,2,1,5,3,4
1,5,4,4,3,5,3,2,3,4,5,2,5,5,4,4,1,5,5,1,5,1,2,3,1,4,1,5,4,5,1,3
3,1,2,2,2,4,2,1,3,1,2,3,2,2,4,3,2,1,5,2,3,5,3,3,3,3,1,3,4,5,3,2
1,4,4,2,4,5,4,2,4,2,2,1,5,5,2,5,2,3,4,1,5,2,2,1,1,4,4,4,1,5,2,3
1,3,4,3,5,5,4,1,1,3,2,4,5,5,2,4,1,3,4,1,5,4,3,1,1,3,2,4,1,3,4,2
2,5,3,2,3,3,5,1,4,2,1,1,5,4,4,4,2,4,2,1,5,2,4,2,1,3,1,1,3,5,4,3
3,3,4,4,4,5,4,2,2,2,3,3,5,4,3,4,2,2,4,2,5,4,3,2,1,4,2,2,3,5,4,3
2,3,3,3,3,5,4,3,4,3,2,3,5,4,5,3,3,2,4,3,4,3,3,2,2,5,1,5,3,5,1,3
3,1,4,3,3,4,2,2,1,3,2,1,5,2,3,4,3,1,4,1,4,4,2,2,1,3,1,4,3,4,2,2
3,-1,4,2,3,3,3,4,5,1,2,4,4,3,-1,4,4,1,3,5,4,5,4,1,2,1,4,2,4,5,3,1
2,1,2,3,3,5,1,1,5,2,5,2,5,5,4,2,3,1,5,1,2,4,5,4,1,4,1,3,4,5,2,1
4,4,3,1,3,5,1,1,5,1,5,1,5,3,1,5,1,5,4,1,5,1,1,1,1,5,4,5,1,5,1,1
2,2,3,3,3,4,3,2,3,2,4,3,4,3,4,3,1,3,2,2,4,4,3,3,1,3,3,3,2,3,3,4
2,4,2,3,5,5,4,4,1,3,2,4,5,3,3,2,2,5,4,3,5,2,1,3,1,4,2,4,2,4,2,3
2,5,3,2,5,5,3,1,2,3,2,2,5,5,1,5,1,5,4,1,5,1,2,2,1,4,2,2,1,5,4,2
3,3,3,2,3,4,4,2,2,3,3,3,4,3,3,2,2,2,3,2,4,3,3,2,2,4,3,2,3,4,3,3
1,4,4,4,5,4,2,4,2,5,5,2,5,3,5,4,1,3,4,2,5,2,2,1,1,4,2,2,1,5,2,3
5,4,4,4,4,5,5,5,2,5,1,3,5,5,4,3,1,4,3,3,5,4,2,1,1,5,4,4,1,5,2,2
1,4,3,5,5,5,4,5,1,3,3,4,5,3,2,1,1,3,3,4,5,4,3,3,1,3,1,5,1,3,1,5
4,1,5,4,5,3,1,1,5,1,5,5,1,1,1,1,-1,1,5,1,1,5,3,1,5,1,4,5,1,5,3,3
2,2,3,2,4,4,4,1,2,3,4,1,5,2,3,4,2,3,4,1,5,2,4,1,1,3,3,2,1,3,3,1
1,4,2,5,5,5,4,5,1,4,2,4,5,5,4,2,1,4,5,5,5,1,1,3,1,4,2,5,1,5,4,3
1,4,1,4,4,4,5,2,2,2,2,4,5,1,5,4,2,2,2,3,5,5,5,5,2,2,1,4,4,4,4,3
1,5,2,3,4,4,5,3,4,4,2,4,5,5,5,2,3,4,5,2,-1,5,5,1,1,5,2,2,1,3,2,4
3,2,3,2,4,4,3,2,2,4,3,3,3,3,3,3,3,3,3,3,3,3,3,3,3,3,3,3,3,3,3,3
2,4,2,4,5,5,3,2,2,3,2,3,5,4,2,3,1,2,2,1,5,2,2,3,1,3,2,4,1,5,2,3
2,4,3,3,3,4,4,4,5,2,3,3,5,2,2,2,1,2,3,3,4,1,2,2,1,4,2,4,4,4,1,3
3,4,4,4,4,4,3,4,2,2,2,4,5,3,5,3,1,3,4,2,2,4,4,2,1,3,1,5,3,2,1,5
3,3,4,2,5,2,4,2,4,1,4,2,4,1,3,4,2,1,4,1,2,1,4,1,2,2,1,3,1,2,2,1
3,3,4,4,2,3,2,3,3,2,2,4,2,2,2,2,3,2,4,4,4,2,3,2,4,2,4,2,3,2,2,3
1,5,4,3,3,4,4,4,3,2,4,4,5,5,3,4,4,2,1,1,4,4,3,2,1,5,5,1,1,2,4,4
2,4,3,3,4,4,4,1,2,2,1,1,5,4,2,5,1,3,3,1,5,4,2,3,1,2,1,1,3,5,4,3
3,3,4,3,3,2,3,2,3,2,1,4,5,2,3,3,2,2,1,2,5,4,3,2,1,2,3,3,4,3,3,3
2,3,4,3,3,4,3,2,2,2,3,2,5,3,4,4,2,2,2,2,5,4,3,4,1,2,2,4,3,4,3,2
3,3,5,1,3,5,4,1,2,4,1,4,5,5,5,5,2,1,2,1,5,5,5,5,1,4,1,4,3,2,1,1
1,4,3,5,5,5,3,5,2,3,2,4,5,5,1,1,1,3,5,4,5,1,1,3,1,4,5,4,3,5,1,4
1,5,5,2,5,5,3,1,2,3,4,2,5,4,2,4,1,3,5,1,5,4,2,2,2,3,4,3,2,3,2,3
1,4,5,4,5,5,2,3,1,4,2,5,3,4,1,3,1,3,5,3,5,1,1,2,1,5,1,3,1,5,1,3
2,5,4,4,3,4,3,5,4,2,4,5,5,4,2,1,1,4,3,4,5,1,2,3,1,5,3,3,3,4,3,3
3,1,2,2,3,5,1,3,1,1,1,3,5,3,5,3,2,2,2,2,5,4,5,1,1,2,1,1,4,3,5,3
1,5,4,3,4,5,3,2,3,3,4,2,5,4,2,4,3,1,4,1,4,3,3,3,1,4,3,3,2,5,2,3
2,4,2,4,2,5,3,1,3,5,2,2,3,5,5,4,1,1,4,1,5,2,4,2,2,5,1,4,1,5,1,2
1,3,3,3,2,5,3,2,2,3,2,3,5,5,5,4,2,3,3,2,4,4,3,1,1,3,2,1,4,3,3,2
5,5,1,1,3,5,5,1,5,4,1,1,3,3,5,5,5,5,1,1,1,3,5,4,2,3,2,3,2,5,5,1
1,3,4,1,4,5,3,1,2,2,4,1,5,3,2,5,1,3,2,1,4,5,1,1,1,2,4,5,1,5,3,1
2,4,4,4,3,4,3,4,2,2,4,2,4,2,3,3,1,2,3,3,5,3,2,3,1,3,2,3,2,4,1,3
2,4,3,3,5,4,4,3,1,5,2,3,5,4,4,2,2,4,4,2,5,3,1,4,1,2,2,3,2,4,2,5
2,3,5,1,4,4,2,1,2,3,4,1,5,4,1,5,1,3,3,1,4,2,1,2,1,3,5,3,1,5,1,1
4,3,3,4,2,4,4,2,3,2,3,3,5,3,2,4,3,2,3,2,4,4,2,1,1,2,2,2,4,3,2,2
5,3,4,4,4,-1,3,4,4,3,5,4,5,4,4,3,3,4,5,3,5,3,4,4,3,5,4,4,4,4,4,5
5,3,4,3,5,5,4,3,2,4,2,4,5,3,3,3,1,5,4,2,5,4,3,2,1,3,4,5,2,5,2,3
2,2,4,3,1,2,3,1,5,1,3,1,5,2,2,5,4,1,4,2,4,4,1,1,1,3,4,2,4,2,1,1
1,1,4,3,2,3,5,4,4,3,4,5,5,2,3,2,1,3,5,4,5,5,1,5,1,3,5,4,4,2,1,4
2,3,1,2,4,4,4,1,2,2,1,3,5,4,5,5,3,2,2,1,5,3,3,2,2,4,1,1,4,4,4,2
1,3,3,2,4,5,3,2,1,1,2,3,5,2,4,4,1,1,4,2,5,5,2,1,1,4,2,5,1,5,2,2
2,1,2,1,3,2,5,5,3,3,2,2,4,2,3,3,4,3,2,2,4,4,2,2,2,3,3,3,4,4,3,2
3,1,3,2,3,5,3,3,2,1,3,2,5,3,3,3,2,1,4,2,4,4,4,4,2,3,1,4,2,5,4,3
2,3,3,2,4,5,4,3,2,3,2,4,5,2,4,3,1,3,2,2,5,3,3,1,1,3,2,4,1,4,5,1
4,4,3,2,1,1,2,4,5,3,4,1,3,2,2,4,5,4,2,4,1,4,3,1,2,4,2,3,2,5,2,2
4,4,1,1,4,4,2,3,2,3,5,5,4,3,1,1,2,2,2,3,5,1,1,3,2,4,1,4,2,5,1,3
2,4,4,3,5,4,3,4,5,4,4,2,4,4,3,3,1,4,5,2,5,4,2,4,2,4,2,4,2,5,3,3
2,3,3,3,4,5,4,2,2,3,3,1,4,3,5,4,3,4,2,1,5,3,4,1,2,3,2,3,3,5,5,2
1,5,2,2,4,5,4,2,1,4,3,1,5,4,3,4,1,4,5,2,5,2,2,2,1,4,4,3,2,5,2,3
2,5,4,3,4,4,1,2,2,4,3,3,5,3,1,1,1,4,4,1,4,3,2,2,2,3,3,3,2,4,2,2
2,4,2,5,2,4,3,4,3,4,1,3,4,1,4,3,2,4,1,4,4,4,3,4,2,4,2,5,3,4,5,4
2,4,4,1,4,4,1,4,1,4,4,4,4,3,1,1,1,4,4,4,4,2,2,2,2,4,4,4,1,4,1,2
5,1,5,1,3,5,5,5,1,5,1,5,3,5,5,3,1,5,3,5,5,5,1,5,1,5,1,3,5,5,5,5
2,4,4,3,4,5,3,2,4,5,4,3,3,5,2,3,3,3,5,2,4,3,3,2,3,4,5,4,3,5,1,3
2,3,2,3,3,3,3,2,2,3,3,3,4,2,4,4,2,2,3,2,4,3,2,1,1,2,3,1,2,4,2,2
1,3,3,3,4,4,2,3,2,3,2,3,5,5,3,3,1,2,4,2,5,3,2,2,1,3,5,5,2,5,1,2
3,2,5,2,2,3,2,2,4,2,4,1,4,2,1,4,4,2,3,1,2,2,1,1,3,2,5,3,3,3,1,3
1,3,4,3,1,5,2,3,1,3,5,5,-1,3,2,4,1,3,4,3,5,4,2,4,1,3,4,5,1,5,1,4
1,5,3,5,4,5,2,2,1,5,2,5,5,5,1,1,1,5,5,1,5,1,1,2,1,5,5,4,2,5,2,4
1,2,4,4,5,3,4,1,4,4,2,4,3,2,4,4,1,2,4,1,5,2,4,1,1,4,2,5,2,3,1,2
2,2,2,2,3,4,4,2,3,3,2,2,5,3,5,4,2,3,2,2,4,3,2,1,1,4,2,4,3,4,4,2
3,4,3,4,5,4,4,4,2,2,4,4,5,2,5,3,1,1,4,4,5,1,3,4,1,2,4,5,2,5,4,3
1,5,4,4,5,5,2,3,1,5,4,4,5,5,2,2,1,5,4,2,5,1,1,3,1,5,3,5,2,5,1,3
4,2,4,3,4,3,4,2,1,4,2,5,5,5,3,3,1,2,5,3,5,2,2,3,1,4,1,4,2,3,1,2
3,4,1,1,3,5,4,1,4,5,1,3,3,5,5,3,3,5,4,1,4,4,1,2,2,5,3,4,1,5,4,1
3,2,4,4,5,2,3,2,3,3,2,3,5,1,4,3,3,2,3,3,4,1,5,3,3,2,4,3,2,2,3,4
2,3,3,4,4,4,4,3,2,3,1,2,5,5,4,2,2,3,4,2,4,3,3,2,1,4,1,4,3,3,3,4
1,4,3,5,5,5,4,5,1,5,2,4,5,5,5,3,1,5,4,5,5,2,2,1,-1,4,2,5,5,5,2,3
2,4,3,3,4,4,3,2,4,3,2,3,4,3,5,3,2,4,3,2,4,2,3,3,2,4,5,3,3,4,3,3
2,2,3,3,3,4,4,3,4,3,2,2,4,3,5,4,4,3,3,4,4,4,2,3,1,4,1,2,3,4,4,4
2,4,2,2,3,4,5,1,4,1,1,2,4,5,5,5,2,4,1,1,4,1,4,1,2,1,1,3,3,5,5,1
4,1,3,2,1,3,1,1,4,1,1,3,2,2,4,-1,5,1,3,3,3,5,3,1,4,1,1,1,4,3,4,1
2,4,3,3,2,4,3,3,4,4,3,3,4,3,2,3,2,4,3,3,3,3,2,2,2,3,2,3,3,3,2,3
3,2,5,3,2,1,2,2,4,2,5,3,4,2,5,2,3,1,4,1,5,5,3,4,3,2,4,3,3,3,2,3
2,4,4,2,2,5,1,2,3,4,2,2,4,5,5,4,5,5,5,2,5,5,4,3,2,3,1,5,1,5,2,2
1,3,2,1,5,4,4,1,1,3,1,2,4,5,5,4,1,2,3,1,5,3,4,1,1,3,1,3,1,2,4,1
1,3,3,3,4,3,3,1,5,2,1,3,5,2,2,2,1,1,3,1,5,3,1,2,1,1,2,1,4,4,3,4
1,5,1,1,5,5,5,1,1,1,1,1,5,4,5,3,1,1,2,1,5,1,5,2,1,3,1,1,1,5,4,1
2,4,4,4,4,4,3,2,4,2,2,4,5,3,3,3,2,2,4,2,4,4,2,2,2,3,4,4,2,5,2,3
1,2,2,3,4,2,4,2,4,1,2,2,4,1,4,4,2,1,4,1,5,4,2,3,2,1,1,1,2,3,4,4
4,3,2,3,2,4,3,2,4,3,2,3,2,3,3,3,4,3,2,2,3,4,2,2,4,3,2,2,4,4,4,2
1,4,3,2,4,5,4,2,2,2,3,2,5,3,4,5,2,2,4,2,5,3,2,3,1,3,2,2,2,5,2,2
5,1,1,3,2,1,5,1,5,2,5,1,2,1,5,5,5,1,3,1,4,2,3,3,4,1,1,1,3,1,3,2
1,3,5,4,4,5,1,4,2,3,4,5,5,5,2,2,1,3,5,4,5,2,2,2,1,3,4,5,1,5,1,4
2,4,2,2,4,4,3,2,2,3,2,4,4,2,3,2,1,2,4,2,5,2,4,2,2,5,2,4,2,4,3,4
1,4,3,2,4,4,4,1,2,3,4,2,5,3,2,4,1,3,2,1,5,3,4,1,1,3,2,2,2,5,2,3
2,4,3,4,4,4,4,3,4,4,2,2,3,4,5,4,2,3,2,4,5,2,5,2,4,4,2,3,3,5,4,3
1,4,2,5,1,5,4,3,3,4,2,4,3,2,5,4,3,4,5,2,5,5,3,5,2,5,1,3,4,5,3,2
3,2,3,3,3,4,2,3,3,3,4,3,4,3,2,3,3,3,3,3,4,3,3,3,2,4,2,3,3,5,2,3
1,5,2,2,4,5,4,1,2,4,2,4,5,5,2,3,1,4,4,1,5,2,4,2,2,5,1,2,1,5,2,3
1,2,4,5,5,5,1,4,4,4,4,4,5,2,2,1,3,2,5,4,4,3,1,5,2,4,5,5,1,4,1,5
1,5,2,2,4,5,3,2,3,3,4,2,5,4,4,2,2,4,3,2,4,3,4,2,1,3,1,2,2,4,4,1
1,5,5,1,5,5,2,4,1,3,5,4,5,5,1,1,1,3,5,4,5,2,1,4,1,2,5,3,1,5,1,5
2,4,3,4,4,3,4,2,2,4,3,4,4,5,4,2,1,4,5,4,5,1,4,4,1,4,2,4,1,4,2,4
1,1,2,4,4,4,1,3,1,4,4,4,2,1,1,2,1,4,5,2,4,5,3,3,1,3,5,4,1,2,1,2
2,4,4,3,4,5,3,4,2,4,4,4,4,4,2,1,1,4,3,3,4,3,2,1,2,5,1,4,1,5,2,4
2,3,3,4,3,4,2,4,2,3,4,4,4,3,3,2,2,3,4,4,4,4,3,3,2,3,4,4,2,4,2,3
1,4,4,4,3,5,3,2,3,3,2,2,5,4,4,4,3,2,3,1,4,3,2,2,1,3,3,2,2,3,2,3
5,4,4,4,4,5,5,4,2,4,2,5,5,2,1,2,2,2,3,4,5,1,2,2,1,3,2,4,3,4,3,3
4,5,5,5,3,5,1,2,3,3,5,-1,3,5,1,1,5,4,5,4,5,1,1,1,3,3,5,3,4,5,1,3
1,2,1,1,1,4,5,1,2,1,1,1,3,1,5,5,1,1,1,1,5,5,4,1,3,1,1,1,4,5,4,1
1,4,5,2,4,4,3,4,2,4,4,5,5,5,2,2,1,4,5,4,5,2,1,2,1,5,5,4,1,4,1,4
1,4,2,3,5,5,5,1,3,5,2,1,5,5,5,5,1,4,5,1,5,3,2,2,1,5,1,3,1,4,4,1
2,4,4,3,5,5,3,2,3,4,1,2,4,5,5,4,1,5,3,2,5,4,4,3,1,4,1,3,2,5,2,4
1,4,4,1,2,5,1,1,1,5,1,3,5,5,5,5,1,5,2,1,5,2,1,1,1,3,1,1,4,5,4,1
2,3,1,2,5,4,2,1,1,3,4,1,5,2,4,4,1,3,4,2,5,5,5,4,1,4,1,5,1,4,2,3
4,4,4,4,2,5,3,3,2,1,4,5,2,2,5,2,2,2,3,4,2,4,4,2,2,2,2,3,4,2,3,3
1,4,3,2,5,5,3,3,1,4,4,3,5,4,3,4,1,3,4,2,5,2,2,2,1,5,2,4,1,5,3,3
1,4,2,2,4,5,4,3,2,3,4,5,4,4,2,2,1,3,5,3,5,3,2,1,1,5,4,3,2,5,1,3
1,3,2,1,4,5,5,1,2,3,1,3,5,5,2,1,1,3,3,1,5,1,1,2,1,4,2,5,2,5,3,3
1,2,2,2,4,2,4,3,1,1,2,4,4,1,4,2,2,1,4,2,4,5,3,2,2,2,2,4,2,1,3,3
1,3,3,4,4,4,4,3,1,3,1,3,5,5,5,3,1,3,3,2,5,2,3,3,1,5,1,2,1,4,3,4
3,3,1,2,2,4,3,3,2,4,3,4,5,5,3,3,2,2,2,2,3,4,2,2,2,3,1,1,4,5,3,3
3,3,1,2,3,4,2,1,3,3,1,2,3,3,2,4,2,2,1,2,4,3,3,1,3,4,4,2,2,5,3,2
1,4,4,3,4,5,4,5,2,4,4,5,5,2,3,2,2,4,5,4,4,1,1,2,-1,5,4,4,1,5,1,3
2,5,1,1,2,2,2,2,5,2,2,2,5,2,5,1,4,4,4,1,4,4,4,2,2,2,3,1,2,4,2,1
1,5,3,2,4,3,3,2,2,2,1,5,5,2,5,3,1,2,5,2,5,4,3,2,1,2,2,3,2,2,1,2
1,4,3,4,5,5,3,2,1,3,1,4,5,5,2,3,1,4,3,3,5,2,2,1,1,4,1,1,1,5,4,2
2,3,3,1,4,4,3,1,4,4,3,2,5,4,4,4,1,3,3,1,5,3,2,1,1,4,2,3,1,3,2,1
2,1,3,4,2,4,3,1,4,2,3,3,4,2,4,3,4,1,4,3,2,2,5,3,2,3,2,5,3,5,2,4
4,2,1,1,2,5,4,1,4,1,3,2,4,1,5,5,5,2,2,1,3,5,5,1,2,4,1,1,1,4,5,1
2,3,1,5,4,4,4,3,1,4,1,4,5,2,5,2,1,4,2,2,5,2,4,3,1,4,1,5,2,4,5,3
4,4,2,4,3,4,4,4,2,4,2,4,4,4,5,5,1,4,2,2,5,2,5,2,2,4,1,2,2,4,4,4
1,5,3,1,4,5,3,1,3,5,2,1,5,5,2,1,2,5,4,1,5,2,3,1,1,5,1,2,1,5,3,2
3,3,2,3,3,5,5,3,2,3,4,3,4,2,5,3,2,3,4,3,4,3,1,1,3,2,1,1,1,4,4,2
2,3,4,4,4,5,4,1,2,2,4,3,5,4,3,2,1,3,4,1,5,2,2,2,1,4,1,3,5,4,2,4
5,5,1,1,1,4,4,1,5,4,4,1,1,4,5,5,5,4,1,1,1,4,4,1,1,4,1,4,5,3,4,1
2,3,2,5,4,3,3,4,4,3,2,4,5,4,5,2,2,3,2,4,5,4,4,3,4,3,2,4,3,4,4,4
1,5,5,1,4,5,4,1,2,5,5,1,5,1,4,5,-1,5,5,1,5,1,3,1,1,5,1,4,1,5,4,1
1,3,1,3,4,4,5,2,3,3,2,2,5,3,5,1,1,3,2,2,5,4,5,2,1,4,1,3,1,4,4,3
1,4,1,1,5,4,5,2,4,4,2,1,5,4,5,4,1,4,1,1,5,3,5,1,1,4,1,4,1,5,5,2
2,3,1,3,4,4,5,2,2,2,1,1,5,3,4,4,1,1,3,1,5,2,4,1,1,3,1,3,1,3,4,1
1,3,5,4,5,5,3,1,2,2,5,4,5,2,1,4,1,4,5,2,5,4,1,3,1,4,1,1,1,4,1,4
3,2,1,4,4,4,3,4,2,2,3,5,4,3,2,2,2,2,4,4,4,3,2,4,2,3,2,3,4,4,3,3
2,5,3,5,3,5,1,4,3,2,5,3,5,2,2,2,2,4,5,2,4,2,3,3,2,3,2,5,3,4,1,4
5,5,3,4,4,5,3,2,3,4,4,4,5,5,2,2,1,3,5,2,4,2,1,3,1,3,2,4,3,5,2,3
2,3,2,1,3,4,4,1,3,3,3,1,4,3,5,4,3,2,2,1,4,4,4,2,2,3,1,2,2,4,4,1
2,3,1,4,3,4,5,3,4,3,1,3,3,3,5,4,2,3,1,1,4,2,5,2,2,4,1,4,2,3,5,4
1,4,5,3,5,3,4,4,2,2,3,5,5,5,3,4,1,1,2,3,5,4,2,1,1,5,4,2,1,4,4,2
3,4,3,4,1,3,2,4,5,2,2,4,3,2,2,2,3,4,2,3,3,4,3,3,3,-1,3,4,5,4,3,4
1,4,2,2,4,4,2,4,4,3,2,5,5,4,3,2,2,3,4,4,5,2,1,2,1,5,2,3,2,4,2,2
2,2,3,3,2,4,4,1,2,2,2,2,5,3,2,5,3,2,3,1,3,3,1,3,1,2,2,1,3,4,3,3
2,3,4,3,4,3,4,4,3,2,2,2,5,4,3,3,2,2,1,1,5,2,2,2,1,4,2,3,2,4,3,3
2,2,4,5,3,5,2,5,3,2,3,5,4,2,2,2,3,2,5,5,4,5,2,4,2,2,5,5,2,2,2,5
1,3,3,2,3,4,4,2,2,3,3,4,5,3,3,3,1,3,2,1,5,3,4,2,1,4,2,4,2,3,3,2
1,4,3,2,4,2,4,1,1,3,1,5,5,4,4,2,2,3,3,1,4,2,5,4,2,4,1,1,2,4,5,3
1,3,1,3,5,5,5,1,1,3,2,1,4,3,5,5,2,3,2,1,4,4,3,1,1,3,1,1,1,5,4,1
2,3,2,4,4,4,3,3,2,5,3,4,5,3,4,4,2,4,4,2,5,3,4,3,1,4,1,4,1,4,3,4
1,4,2,2,3,5,5,3,2,3,2,2,5,5,5,4,1,4,4,2,5,1,3,1,1,5,1,1,3,5,4,2
4,4,1,1,2,4,5,1,4,5,1,2,5,3,5,3,2,4,1,1,4,3,3,3,2,4,1,1,2,4,4,3
2,3,1,3,4,4,1,4,2,3,2,4,5,3,5,2,2,3,2,4,5,2,5,3,1,4,1,3,1,5,2,2
1,3,3,4,4,5,1,1,2,3,2,2,5,4,1,4,1,2,3,1,5,3,4,2,1,3,4,4,1,5,1,1
1,5,4,5,5,5,1,5,1,1,4,4,5,5,1,1,1,1,5,1,5,4,1,1,1,4,5,2,1,5,1,5
1,4,3,2,4,4,4,2,3,4,2,3,5,4,3,4,1,3,4,1,5,2,2,2,1,4,3,3,2,4,2,3
2,3,4,1,4,5,4,2,4,2,1,3,5,2,3,3,2,2,2,2,5,2,2,1,1,2,3,1,1,5,5,2
3,4,3,2,2,4,3,1,3,2,2,2,2,2,5,4,3,3,1,1,4,2,2,2,3,2,1,1,3,5,3,1
2,5,2,3,5,5,5,3,1,3,1,3,5,5,5,2,1,2,2,1,5,4,2,1,1,5,1,3,1,5,5,1
1,2,3,2,4,4,4,4,2,3,4,3,5,4,5,4,1,3,4,1,4,1,3,2,1,2,1,3,2,3,4,3
1,4,1,3,4,4,5,3,2,3,2,3,5,2,5,2,1,3,2,2,5,1,5,4,1,3,1,3,1,5,3,4
2,3,4,4,4,5,3,3,3,1,4,3,4,3,2,1,1,3,5,4,4,3,2,4,1,2,4,5,3,5,1,4
2,4,3,2,3,4,4,2,3,4,2,2,4,3,3,3,3,3,2,2,4,1,2,2,2,3,2,2,3,4,4,3
1,5,3,5,4,5,1,5,1,5,4,5,5,5,3,5,1,5,4,5,5,1,3,1,1,5,1,5,1,5,1,5
1,5,4,4,4,5,3,4,1,4,2,4,5,3,3,2,1,4,5,4,5,3,3,2,1,4,2,4,1,4,4,4
1,5,4,5,5,5,3,2,1,5,5,3,5,5,1,1,1,5,5,2,5,2,2,3,5,5,2,5,1,5,1,2
1,5,2,4,5,5,4,2,1,5,2,4,5,4,5,4,1,1,3,1,5,2,4,3,1,4,1,3,1,5,4,4
2,2,4,4,4,4,2,4,2,4,4,4,4,4,5,2,2,2,4,3,3,2,3,4,2,4,3,4,4,4,2,4
3,2,4,2,1,4,3,2,1,1,1,1,4,1,5,5,4,3,2,1,5,2,1,5,1,4,2,2,5,1,1,1
4,5,3,3,4,5,2,4,5,3,2,5,5,1,3,3,5,3,5,2,5,5,3,4,1,4,2,5,5,4,1,2
2,4,2,2,4,5,4,1,3,2,1,4,4,5,5,1,4,2,1,1,4,1,5,1,2,5,1,1,2,5,5,1
1,4,2,2,4,5,5,2,2,4,2,3,5,4,5,5,1,4,4,1,5,2,3,1,1,5,1,4,1,5,2,2
2,3,4,3,5,2,3,2,3,3,2,3,5,4,4,3,1,2,3,2,5,3,2,2,2,4,2,3,2,4,4,2
1,5,3,5,5,5,3,5,1,4,5,3,5,5,-1,1,1,5,5,3,5,3,2,4,1,5,2,5,3,5,3,3
2,4,4,4,4,4,3,3,3,4,2,3,4,3,3,2,2,3,4,3,5,3,3,2,2,4,2,4,3,4,3,4
1,3,5,4,5,3,1,3,1,3,2,4,5,1,3,1,1,3,3,2,5,2,2,5,1,5,1,4,2,1,2,5
1,3,2,2,3,4,5,2,5,4,2,2,5,4,4,4,2,4,2,2,5,2,3,2,1,4,3,4,2,3,3,2
2,2,2,4,3,3,5,2,2,4,4,4,4,3,5,2,2,2,1,2,4,4,3,4,1,3,1,1,4,3,4,2
1,3,4,4,4,5,2,4,2,3,4,3,4,2,2,2,2,3,4,2,5,3,2,3,2,4,4,5,3,4,1,3
1,4,3,3,5,5,3,3,1,3,3,3,5,5,2,3,1,4,5,3,5,2,2,2,1,5,4,2,5,5,3,2
1,4,4,4,4,5,3,4,2,2,2,4,5,3,4,2,1,2,5,3,5,4,1,3,1,3,2,5,2,3,2,4
2,3,3,3,4,5,4,2,3,2,3,3,5,4,4,4,1,3,4,1,5,1,3,2,1,3,2,3,2,5,3,3
2,4,3,3,4,5,4,3,2,3,3,2,4,3,3,3,1,2,4,3,5,2,3,2,2,4,1,2,1,3,4,3
2,4,4,2,3,4,3,2,2,3,4,2,4,5,3,4,2,4,4,2,4,4,3,2,2,4,4,3,2,4,3,2
2,1,5,1,3,4,1,2,2,1,2,4,5,2,5,3,1,2,4,2,5,5,3,1,1,1,5,2,1,2,2,1
2,4,2,2,4,3,2,3,2,3,4,3,4,4,2,2,2,3,4,2,4,1,4,1,1,3,1,4,2,2,1,3
1,3,5,3,3,4,3,2,5,3,4,3,5,4,3,3,2,4,5,2,5,3,1,3,1,4,3,5,4,4,1,4
3,3,1,1,3,5,5,1,3,1,1,1,5,1,5,5,1,5,1,1,5,5,5,1,1,1,1,1,3,5,5,1
2,3,4,3,3,3,4,-1,1,2,1,3,5,2,3,1,1,2,3,2,5,5,2,1,1,2,1,3,1,3,1,4
3,1,4,3,3,4,3,4,1,1,1,3,5,3,4,2,2,1,1,2,4,5,2,1,1,3,3,5,2,2,4,4
5,1,1,1,3,3,5,1,3,1,1,1,1,1,5,3,5,1,3,1,4,5,5,3,5,1,1,1,5,3,5,3
2,3,5,3,4,5,1,3,2,3,4,4,5,3,1,2,2,2,1,3,3,4,2,3,1,4,1,4,1,4,1,3
1,4,2,2,4,4,5,1,3,4,1,3,5,4,4,1,2,3,3,1,4,2,1,1,1,4,1,3,4,4,3,3
2,3,1,1,4,5,1,1,5,3,2,2,5,3,5,5,2,3,3,1,5,3,5,1,1,5,1,3,2,5,5,1
2,5,4,1,4,5,2,1,2,5,4,1,5,3,5,3,1,3,5,1,5,1,3,1,1,5,1,4,1,5,2,2
3,2,1,3,4,5,3,2,5,1,3,5,5,3,5,3,4,3,3,1,5,1,4,4,3,4,1,5,4,3,3,5
1,5,4,3,3,4,3,3,3,3,4,5,5,5,2,5,1,5,3,3,5,4,3,4,1,4,2,2,3,5,3,4
3,2,2,3,4,5,3,2,5,1,2,4,5,3,4,2,3,2,4,1,4,3,3,1,1,1,1,1,3,3,1,1
1,5,2,3,4,5,5,3,2,3,2,3,5,4,5,4,4,4,2,3,5,3,4,1,1,4,1,3,3,5,5,3
4,5,5,2,3,5,4,2,3,5,4,4,4,3,3,5,2,3,4,3,4,1,2,1,2,5,1,3,5,5,4,2
2,2,1,2,2,2,5,2,4,3,2,3,2,2,5,4,4,2,2,1,4,4,4,1,2,4,1,1,4,3,4,3
1,4,4,3,4,5,3,3,3,3,2,3,5,4,2,2,1,2,4,3,5,3,3,2,1,4,2,3,2,4,1,2
1,4,4,4,4,5,4,2,3,4,1,5,5,5,5,5,2,4,4,1,5,1,3,3,1,5,1,3,1,5,5,5
1,3,4,3,4,4,3,2,2,2,4,3,5,5,1,3,3,1,4,1,5,4,2,3,1,5,3,4,1,3,1,4
4,3,2,2,5,3,2,2,3,2,4,2,4,4,1,3,2,2,2,2,4,2,4,2,2,3,2,2,4,4,1,3
1,2,3,1,5,5,5,4,5,3,3,2,5,4,5,2,1,3,4,2,5,3,2,3,1,5,4,2,1,5,2,4
2,5,4,2,3,5,2,1,2,3,2,4,5,4,5,4,1,3,2,1,5,3,3,2,3,3,1,5,2,2,4,2
4,3,3,2,2,4,2,2,4,2,3,2,3,2,3,4,3,3,2,2,4,4,3,2,3,4,1,2,4,4,3,2
1,2,3,3,5,5,3,1,1,2,1,2,1,1,4,2,5,3,1,1,1,3,3,3,1,5,1,3,2,1,3,2
2,3,2,3,4,5,4,2,5,1,2,3,4,2,4,4,1,1,3,2,5,4,1,2,2,3,2,1,3,5,4,3
1,4,2,2,5,4,3,1,2,2,4,1,5,3,4,5,1,1,4,1,5,3,4,1,1,4,2,1,1,3,1,1
2,3,4,3,2,4,4,2,3,1,1,4,5,2,3,2,2,2,2,2,4,4,4,3,1,1,4,4,4,2,5,5
4,5,3,4,4,5,2,2,1,4,3,4,5,5,3,3,1,4,4,3,5,1,2,2,1,5,1,4,2,3,4,3
2,2,4,4,3,3,3,2,2,3,2,1,4,2,3,3,2,2,3,2,-1,2,3,2,2,2,1,1,2,2,4,3
1,2,3,2,4,5,3,2,5,1,4,3,4,4,2,3,2,1,4,2,5,4,2,2,2,5,3,4,1,4,2,2
4,3,1,2,4,4,5,1,2,2,2,3,4,3,2,4,2,2,1,1,4,2,5,1,2,4,4,5,2,3,4,1
4,3,1,3,3,4,3,2,-1,2,4,1,3,1,5,4,4,3,4,2,3,4,5,3,2,4,2,3,3,5,4,3
2,4,3,3,3,3,3,3,2,2,2,3,4,2,3,3,2,2,3,2,4,3,2,3,2,2,3,2,3,2,3,3
3,2,1,3,3,4,3,4,4,4,2,4,3,3,5,2,2,2,1,3,4,5,5,2,1,5,1,3,5,5,5,4
2,2,4,3,4,5,4,2,5,4,5,3,5,5,2,3,2,3,4,2,5,4,1,3,1,5,2,4,1,3,2,4
2,3,3,2,3,4,5,2,2,2,1,2,5,4,5,5,3,3,2,2,4,3,2,2,1,4,1,2,3,5,3,2
4,3,4,3,2,2,1,2,3,1,2,3,4,1,4,4,3,1,3,1,4,4,2,3,3,3,2,2,4,3,2,3
2,3,4,2,4,4,3,4,3,3,4,2,4,4,3,2,2,2,3,2,4,3,3,2,2,3,4,4,2,4,3,2
2,4,4,2,4,5,2,2,1,4,4,4,5,4,3,2,1,3,4,2,5,2,3,3,1,5,2,2,2,4,1,4
2,3,3,2,4,4,2,2,2,4,3,3,4,4,2,4,2,4,4,2,3,2,2,1,1,4,3,3,3,4,2,3
3,2,2,2,2,4,4,3,2,1,1,2,5,2,5,3,3,1,2,2,4,3,2,1,2,1,1,3,3,3,3,2
5,3,3,2,4,5,3,3,3,3,5,2,5,5,2,3,1,2,3,2,4,3,2,2,1,3,3,3,1,5,2,3
3,3,1,3,3,1,3,1,4,4,4,1,5,1,3,5,2,2,3,1,5,4,4,4,2,2,1,4,2,5,3,3
2,2,2,2,3,4,4,3,2,4,3,4,4,5,4,2,3,2,2,2,4,4,2,1,2,4,1,3,3,5,4,2
4,4,4,3,4,5,3,2,4,4,4,3,4,4,4,4,4,4,3,2,4,4,3,2,2,4,2,4,2,4,3,4
2,3,4,3,4,5,4,2,1,3,1,4,5,2,4,3,1,2,3,1,5,5,4,2,2,3,1,2,1,5,2,3
2,3,2,2,3,3,4,1,2,2,2,3,5,3,4,4,1,1,2,1,5,3,1,2,2,3,1,1,3,2,4,2
1,4,5,4,4,5,3,5,5,5,2,5,5,4,5,3,2,3,1,1,5,1,5,5,1,5,1,5,5,5,5,5
1,2,2,5,4,4,2,3,1,1,2,4,4,2,2,3,1,1,4,4,4,4,4,4,2,2,2,1,1,2,1,2
3,1,1,1,3,4,3,1,5,2,1,3,3,2,3,5,4,1,1,1,2,5,5,1,4,1,1,1,5,3,3,1
1,2,4,3,4,5,4,4,1,2,1,3,5,3,4,3,1,2,4,2,5,4,3,1,1,5,1,2,1,4,2,1
1,3,1,1,1,1,5,3,4,4,4,4,4,5,5,5,1,2,4,4,5,1,5,4,4,4,4,4,4,1,1,5
1,4,3,3,4,5,4,3,4,3,2,3,5,4,4,3,2,3,5,2,4,4,3,3,2,4,1,3,3,4,2,3
2,3,4,4,3,3,2,3,3,2,2,4,4,3,3,2,2,2,2,4,4,3,2,3,2,3,3,3,5,3,4,3
1,3,4,4,3,5,5,3,1,2,2,4,5,3,5,2,1,2,4,3,5,5,3,3,1,3,3,5,2,3,5,4
2,4,3,3,3,4,3,3,2,3,2,3,4,4,4,3,2,3,2,2,4,2,3,2,1,3,2,3,2,4,2,3
4,3,2,2,2,2,4,1,5,1,1,1,2,1,4,5,4,2,2,1,3,-1,4,2,3,4,2,1,5,5,2,1
2,3,4,4,3,4,3,2,3,2,3,3,4,3,2,4,3,2,4,2,3,3,1,2,2,4,4,3,3,4,2,3
2,2,4,3,2,5,3,4,4,2,2,4,4,2,4,2,2,2,4,4,4,3,5,2,2,4,1,4,2,4,4,3
3,3,3,3,3,4,4,4,4,3,3,4,4,3,4,2,4,3,2,3,4,4,3,3,2,5,2,4,5,5,4,4
1,3,4,2,3,5,3,3,2,3,2,4,5,4,3,3,1,2,3,2,5,3,2,1,1,5,2,4,3,5,1,3
2,4,4,2,3,4,4,4,4,4,4,4,4,4,2,4,3,5,4,2,5,4,3,4,2,4,4,4,4,5,4,4
1,5,5,3,5,5,4,2,2,4,4,1,5,4,1,3,1,3,4,1,5,1,2,1,1,4,4,4,1,4,3,5
2,1,4,2,3,1,4,2,2,2,3,3,5,3,2,4,1,2,4,2,5,5,3,2,1,2,2,2,3,2,3,3
2,4,4,5,3,5,4,4,3,4,4,4,5,4,3,2,2,2,3,3,5,2,1,3,1,4,1,4,3,5,2,4
5,4,3,1,2,3,2,1,2,1,3,2,5,3,2,1,2,1,5,1,4,5,3,1,1,2,1,4,2,4,1,1
1,5,1,2,2,5,5,2,5,5,1,2,5,5,5,4,1,5,1,1,3,1,5,1,1,5,1,1,4,5,5,1
3,3,3,3,4,5,2,3,5,2,4,2,5,3,4,4,5,1,3,1,3,5,3,2,1,5,3,2,3,5,4,2
2,3,3,4,4,4,3,3,2,2,4,4,4,4,2,2,1,2,4,3,5,4,2,1,1,4,2,4,1,3,1,3
2,3,4,3,5,5,4,3,3,2,4,4,5,3,5,3,1,2,4,3,5,3,4,2,1,5,1,4,1,3,5,3
2,5,4,3,4,5,3,4,2,4,4,5,4,4,4,2,1,4,5,4,5,1,3,4,1,5,3,5,1,5,1,4
4,4,4,2,3,3,3,3,3,2,3,3,3,4,2,3,3,2,3,3,4,2,3,2,3,4,3,3,4,5,2,3
2,5,3,2,3,5,4,2,5,4,5,1,5,4,3,4,1,4,2,1,5,4,4,4,1,4,1,2,2,5,5,4
1,4,4,4,4,4,3,4,1,4,2,5,5,5,2,2,1,3,4,2,5,2,2,2,1,4,2,4,1,4,1,3
1,5,2,2,4,5,4,4,2,4,2,4,5,5,4,4,1,4,4,2,5,2,1,3,1,5,2,4,1,5,5,4
5,3,3,1,2,5,3,1,5,4,4,1,3,5,5,5,5,3,3,1,3,4,4,1,2,4,1,1,4,4,4,1
3,2,3,1,4,4,4,2,3,2,3,2,4,2,2,4,4,2,5,2,5,4,2,2,2,2,4,3,2,2,3,2
1,4,5,3,3,5,2,3,3,5,4,3,5,4,2,2,1,3,5,3,5,3,2,2,1,4,1,2,2,3,1,2
4,2,2,1,4,2,4,3,5,1,5,1,3,2,4,3,2,1,1,1,2,3,4,1,3,2,1,4,2,4,5,1
1,4,1,2,5,5,4,2,2,2,1,2,5,3,4,4,1,2,3,2,5,2,3,3,2,3,1,2,2,3,4,2
4,2,4,4,2,4,2,3,4,3,3,3,2,2,3,3,3,3,3,3,3,4,3,3,3,3,3,3,3,3,3,3
1,3,4,3,5,5,4,3,1,3,5,3,5,3,1,2,1,3,4,2,4,5,1,1,1,3,2,1,1,5,1,4
3,2,1,2,4,4,4,2,2,1,4,4,5,2,2,3,2,1,4,4,4,5,5,2,2,2,1,2,2,-1,5,3
4,1,1,3,2,5,4,1,5,1,4,1,5,1,5,5,5,1,1,1,2,5,5,1,2,1,2,1,2,3,2,1
3,3,4,5,4,5,2,5,2,4,3,5,5,3,2,1,1,4,4,5,5,3,2,3,1,4,2,4,2,4,2,4
3,4,4,3,2,4,5,2,3,5,3,3,4,4,5,4,3,4,2,1,3,2,1,2,2,5,2,3,3,5,4,3
3,4,3,2,1,2,2,3,3,2,2,3,4,3,3,3,4,4,3,3,4,3,2,3,2,3,3,3,5,2,2,3
1,3,5,4,5,4,1,4,1,3,3,4,4,2,2,3,1,3,4,4,5,2,2,2,2,3,4,4,2,3,1,5
3,4,4,5,2,5,3,4,3,4,3,4,4,2,4,4,3,1,2,2,5,5,4,3,3,4,4,5,5,2,3,2
3,5,5,3,4,3,2,5,3,4,3,2,5,3,5,4,3,2,1,1,5,5,5,4,1,3,5,5,3,1,5,5
2,5,5,1,4,3,5,1,2,3,1,4,5,3,4,4,1,2,3,1,4,5,3,2,1,3,1,4,2,4,4,2
1,2,4,4,5,5,2,2,1,2,4,3,5,2,3,2,1,1,5,1,5,3,3,1,1,3,5,4,1,5,2,3
1,5,2,5,5,5,5,5,2,3,3,2,5,5,2,2,1,4,5,3,5,4,4,2,1,5,5,5,1,3,3,5
2,4,4,1,4,5,2,2,1,4,3,3,5,4,2,3,2,4,3,2,5,2,2,2,1,5,1,4,3,4,2,3
3,4,3,3,3,4,2,2,4,3,2,3,4,3,4,3,3,3,3,2,4,3,3,3,2,4,2,3,3,3,4,3
3,4,4,2,3,4,2,2,2,4,1,3,4,3,2,4,3,2,3,2,4,4,2,3,2,4,5,4,3,4,1,3
2,2,4,5,5,4,3,4,2,3,4,5,5,3,3,3,2,3,5,4,4,4,4,5,2,5,1,4,2,5,3,5
2,5,4,3,4,5,4,2,1,4,3,5,5,5,3,3,1,5,4,3,5,2,3,2,1,5,4,5,2,5,3,4
1,4,2,2,4,5,5,2,3,4,4,3,5,5,4,3,1,4,3,1,5,1,3,1,1,5,4,3,1,5,3,3
3,5,5,3,3,4,3,2,3,4,4,3,4,4,5,2,3,4,3,3,3,2,3,5,3,3,4,3,3,3,2,3
2,4,3,2,4,3,5,1,1,3,2,3,5,3,4,2,2,3,1,1,5,3,3,3,1,3,2,3,2,3,4,3
2,3,4,4,4,3,1,3,3,3,4,4,4,2,3,2,2,3,3,3,4,3,2,3,1,3,4,3,2,3,2,3
2,1,4,1,4,4,3,3,3,1,5,2,4,1,1,4,1,1,3,2,5,3,1,1,2,2,5,5,3,4,1,3
1,3,4,2,4,5,3,4,5,2,2,4,5,1,3,2,1,1,3,3,5,5,2,1,1,3,4,5,3,4,1,4
3,3,3,4,3,5,3,4,2,3,4,3,4,2,2,2,2,2,4,2,4,2,2,3,1,2,2,3,4,5,2,4
2,4,4,4,3,5,3,3,3,4,4,3,5,5,3,3,1,3,5,2,5,3,2,3,1,4,3,5,2,5,1,3
1,5,3,3,5,4,3,2,2,4,1,3,5,4,5,2,1,4,3,2,5,2,4,3,1,4,1,3,2,5,3,3
2,3,5,2,5,5,3,4,2,1,5,5,5,4,5,3,1,1,2,4,5,5,1,2,1,1,1,5,1,4,2,1
1,5,3,3,3,5,5,4,2,5,1,4,5,5,4,2,1,5,4,3,5,2,4,3,1,4,3,3,3,5,5,3
2,5,4,2,4,4,3,2,2,4,4,3,4,5,2,3,1,3,5,2,5,2,2,2,2,5,3,4,1,3,3,3
1,4,2,5,2,5,3,4,2,5,4,5,5,5,5,1,1,5,5,5,5,3,4,2,2,4,2,5,1,5,4,5
2,3,3,2,4,3,4,4,4,4,2,3,4,4,5,4,2,3,2,1,4,4,3,2,4,4,1,4,4,2,4,2
1,3,2,1,4,5,4,4,1,5,1,4,5,1,5,5,1,5,1,1,5,4,1,4,1,5,1,5,1,5,5,1
2,3,1,2,3,5,4,1,2,3,2,2,4,3,5,4,3,3,2,1,3,2,3,2,2,5,1,2,4,5,4,4
4,3,3,2,1,3,1,1,5,1,5,1,5,3,1,5,5,2,4,1,1,4,3,3,5,1,4,1,1,5,1,1
2,3,2,2,5,4,5,3,2,4,3,3,5,5,3,4,1,4,3,2,5,3,3,2,1,5,4,3,3,5,3,1
3,2,1,1,3,2,4,1,5,3,2,1,3,2,5,5,3,3,2,1,4,4,3,1,2,3,1,2,5,2,5,1
1,4,2,3,4,5,4,3,2,3,2,4,5,3,-1,2,1,3,3,3,5,3,3,2,1,4,2,3,1,4,3,2
1,3,1,2,4,3,4,1,2,1,1,4,5,1,5,5,3,1,1,1,5,5,2,1,1,5,4,5,2,3,5,3
5,4,4,1,4,4,3,1,5,2,1,1,2,4,5,5,2,2,2,1,4,2,2,1,4,2,3,1,1,5,3,1
3,2,4,2,3,3,4,2,4,2,2,2,3,2,2,4,2,2,2,2,5,3,2,2,2,2,2,2,2,2,2,2
1,4,3,5,5,3,4,2,2,4,3,1,5,-1,2,3,1,4,3,1,5,2,1,1,1,4,5,3,2,5,1,5
2,4,1,1,3,5,5,2,3,4,1,3,4,4,5,2,3,4,1,2,3,3,1,1,3,5,2,4,5,5,5,2
2,3,3,2,3,5,4,2,3,2,4,2,5,4,3,3,3,2,1,2,5,3,4,2,1,3,2,3,1,5,4,4
1,5,4,3,4,4,1,1,1,4,4,4,5,5,2,1,1,4,4,1,5,3,2,1,1,4,1,3,4,5,1,4
2,3,4,2,3,5,2,2,2,2,1,2,4,3,1,4,1,3,4,2,5,5,2,2,2,3,2,4,4,4,4,3
3,5,5,5,3,5,2,3,4,3,5,3,5,5,2,2,2,4,4,3,4,1,2,3,1,5,1,4,2,4,1,4
2,5,3,1,4,5,2,1,3,4,2,1,5,3,4,4,1,3,3,1,4,1,3,2,1,5,3,5,1,5,3,2
2,3,2,1,4,4,4,1,2,1,2,3,4,5,2,5,2,5,3,1,4,4,4,1,5,4,4,5,4,4,5,1
3,3,3,4,4,3,1,1,4,2,3,5,4,1,3,1,2,2,5,5,4,3,2,4,2,2,2,5,2,2,1,4
2,3,4,1,4,4,3,1,4,3,2,3,4,4,3,4,1,3,3,2,5,3,5,2,1,4,1,3,2,4,4,1
1,4,3,2,4,4,4,2,3,4,2,3,5,4,4,3,2,4,3,2,4,2,1,1,1,4,2,4,1,4,2,3
1,4,3,3,3,4,4,5,5,5,4,1,4,5,5,1,5,3,5,2,4,3,3,4,1,5,1,1,2,5,3,3
1,3,2,4,5,5,4,4,1,3,1,5,5,5,2,1,1,3,5,4,5,1,3,2,1,4,4,3,1,5,2,4
2,4,2,2,3,4,4,4,2,4,4,3,5,4,5,2,2,3,3,2,5,4,5,3,2,5,2,2,4,4,5,5
4,4,3,3,3,4,3,1,3,4,4,2,5,4,5,3,4,4,4,2,4,3,3,3,1,5,4,5,2,5,4,4
4,4,3,1,3,5,4,1,4,2,4,4,5,2,5,4,4,4,1,1,3,3,1,1,1,2,1,4,4,5,4,1
1,3,4,3,4,5,3,4,2,1,3,3,5,3,3,2,1,2,3,3,5,3,3,2,1,2,5,5,2,4,1,4
4,2,3,2,1,3,4,2,3,4,2,2,3,4,5,5,4,2,1,2,3,3,4,2,3,2,4,2,4,5,4,1
2,4,4,3,3,5,3,4,2,4,4,3,5,4,3,3,2,5,5,3,4,2,2,2,1,4,3,4,1,4,1,4
2,3,3,4,4,5,2,1,2,3,4,1,5,2,2,4,1,2,4,1,5,4,2,1,1,3,2,3,1,5,2,1
3,4,5,5,3,2,4,4,2,3,2,4,5,3,4,2,2,3,2,3,5,2,1,3,1,3,2,5,3,2,2,4
2,3,3,2,4,4,3,2,2,4,2,4,4,4,3,3,1,3,3,2,5,2,2,2,2,4,2,4,2,-1,2,4
1,3,3,4,3,3,4,4,4,3,4,1,5,3,2,4,1,3,4,4,5,4,1,2,1,3,2,4,2,2,2,3
2,2,1,4,3,5,4,1,5,3,2,5,4,2,5,4,3,1,1,1,5,3,4,5,2,4,1,4,3,3,4,1
1,4,4,3,5,5,4,2,5,5,2,4,5,4,3,2,1,4,4,5,5,2,2,1,1,4,1,5,1,4,4,2
2,3,2,2,5,4,4,2,4,3,3,5,5,4,4,3,1,3,3,2,5,1,2,2,1,4,4,2,1,2,3,4
1,4,4,2,4,5,2,2,1,2,2,2,5,4,5,1,1,3,2,1,5,2,3,2,1,4,1,3,1,5,4,3
1,4,3,4,4,5,4,3,3,3,3,2,5,4,3,3,1,3,3,2,4,3,3,3,1,3,2,2,3,5,2,2
1,4,3,4,3,5,3,3,3,3,2,5,5,3,4,2,1,3,4,4,5,3,4,4,1,4,3,3,2,4,4,5
1,4,4,4,5,5,4,3,1,5,1,3,5,5,3,4,1,4,5,2,5,3,1,2,1,5,3,5,2,5,3,3
3,4,5,4,3,5,1,4,4,2,4,2,5,5,1,2,2,1,3,2,3,4,1,5,1,5,4,1,3,4,1,4
2,3,3,3,3,4,2,2,3,2,2,2,3,4,2,3,4,2,2,2,3,4,3,3,4,4,2,2,4,2,4,2
3,3,2,2,3,3,4,3,5,1,3,4,5,1,5,4,3,2,1,2,3,4,4,3,2,1,1,2,4,3,4,3
1,2,1,1,2,2,5,1,5,1,1,1,5,3,5,5,3,2,1,1,5,5,5,1,2,1,1,2,4,1,5,1
3,2,3,4,1,3,3,3,2,1,5,3,3,1,2,4,1,1,1,3,4,5,1,3,4,2,3,4,5,4,3,4
1,4,2,3,3,4,3,3,3,4,2,2,5,3,5,2,1,3,4,2,5,2,2,2,1,5,1,4,2,4,4,2
1,4,3,5,5,5,5,4,4,1,2,5,5,3,3,1,1,1,3,1,4,4,3,5,1,4,2,1,1,4,5,5
1,3,4,3,4,5,3,4,2,1,2,3,5,4,5,2,1,2,3,2,5,3,4,2,1,3,2,2,2,5,4,4
4,3,1,1,4,4,5,2,5,2,1,1,3,2,5,5,1,3,1,1,4,3,5,3,3,3,1,1,1,4,5,5
2,4,2,4,2,1,5,1,2,3,3,4,5,4,4,4,2,3,4,2,4,2,4,5,2,4,2,4,1,3,4,3
2,5,2,2,4,5,3,2,1,2,2,4,5,4,3,2,1,4,2,2,4,2,4,2,1,4,3,2,1,4,2,4
3,2,3,2,3,3,4,2,5,2,2,3,3,3,4,4,4,2,2,1,3,4,4,2,4,3,2,2,3,4,4,2
3,2,4,5,2,5,1,2,4,4,5,4,5,2,3,4,3,2,4,4,3,5,3,5,3,2,2,5,3,1,1,4
4,1,2,2,4,3,3,3,4,2,4,1,2,1,3,5,5,1,4,2,4,5,4,1,5,2,1,2,1,5,4,1
2,2,5,1,4,2,2,1,2,1,4,3,5,2,1,4,2,1,5,1,3,4,2,3,1,2,5,3,1,5,1,1
4,1,2,2,1,2,3,2,5,2,2,2,5,1,5,5,5,2,2,2,2,2,4,2,3,2,2,4,5,2,5,1
3,2,4,2,3,3,4,2,3,3,4,2,2,4,4,4,2,3,3,4,4,2,3,2,3,4,3,3,4,4,5,4
3,4,5,5,3,5,1,5,1,1,5,4,5,1,1,1,1,1,3,3,3,1,1,4,1,4,5,4,2,5,3,5
2,4,4,3,4,4,3,2,3,3,3,3,4,4,4,3,1,2,4,2,4,2,2,2,2,4,2,4,2,4,3,2
2,4,4,3,4,5,3,2,2,5,3,2,5,4,3,2,3,4,2,2,4,4,2,1,1,5,3,5,2,5,2,2
2,4,5,5,4,2,3,4,1,2,2,5,5,3,1,2,1,2,3,4,4,2,4,1,1,5,2,3,3,5,3,3
2,3,3,3,4,3,4,2,2,2,4,3,3,2,4,2,3,2,3,2,4,3,4,2,3,2,1,3,4,4,3,2
3,4,2,2,3,4,4,2,3,1,4,1,4,3,4,4,3,2,4,1,4,2,2,1,1,3,2,1,3,4,1,2
1,4,4,3,4,5,4,2,1,3,1,3,5,2,5,4,1,3,5,2,5,5,1,1,1,3,1,5,1,3,4,4
1,4,3,3,4,4,3,3,1,5,1,3,5,5,5,3,1,3,3,2,5,2,3,2,1,3,1,3,1,4,3,2
1,2,3,3,3,5,5,2,2,1,4,2,5,1,5,4,1,1,3,1,5,3,3,4,1,2,1,4,3,3,3,2
1,5,4,4,5,5,3,5,2,5,4,4,5,5,5,3,2,5,4,3,5,2,3,2,1,5,5,5,2,5,2,4
1,4,2,2,4,5,4,2,4,4,3,2,5,4,5,5,4,4,4,2,5,3,3,3,1,4,1,3,1,4,2,3
2,1,4,5,3,4,1,5,1,1,5,5,5,1,3,1,1,1,5,1,5,4,1,5,1,3,5,5,2,5,1,1
5,3,1,3,2,4,1,1,5,4,1,5,4,2,5,2,5,2,2,1,3,2,2,2,3,2,3,2,4,5,2,1
4,1,3,2,3,3,4,1,4,1,2,2,4,2,3,4,4,1,2,1,4,4,4,3,3,1,1,3,4,4,2,1
2,4,3,4,4,4,4,3,2,4,2,3,4,3,4,4,2,4,3,2,5,3,3,2,2,4,3,3,2,4,2,2
1,3,5,3,5,3,3,1,2,5,1,5,5,5,3,5,1,3,2,1,5,5,2,1,1,5,5,5,1,3,4,3
2,2,3,1,5,4,2,4,2,1,5,1,5,3,4,5,1,5,5,1,5,1,3,1,1,4,5,1,1,5,3,1
3,4,4,2,3,5,3,2,2,2,4,1,5,4,4,2,3,3,5,2,5,1,3,1,1,5,2,2,2,4,1,3
1,2,5,2,5,3,2,4,1,3,5,4,5,4,1,4,1,2,5,4,5,4,1,1,1,3,1,1,1,3,1,3
1,4,4,4,5,5,3,3,4,4,4,4,5,3,2,2,1,3,4,2,5,3,2,3,1,4,2,2,1,4,1,3
1,3,3,2,5,4,3,4,1,4,2,4,5,5,4,1,1,4,4,4,5,1,2,1,1,4,1,2,1,4,2,5
1,3,1,1,5,5,3,1,1,2,4,1,5,4,3,5,1,2,4,1,5,3,4,1,1,4,2,2,1,5,2,1
1,4,3,2,4,5,1,1,3,3,2,3,5,4,2,3,1,2,1,1,5,2,3,1,1,2,2,3,1,4,4,3
2,2,4,4,4,3,3,4,4,2,4,4,4,2,3,3,1,1,4,3,4,3,2,2,2,4,5,5,2,3,2,4
1,2,5,2,3,5,2,1,2,4,1,4,5,5,1,2,2,4,5,2,5,4,1,4,1,4,5,5,2,5,1,5
1,1,5,4,5,5,4,4,1,5,4,5,5,5,2,1,1,4,5,4,5,1,2,3,1,5,3,5,1,5,1,5
3,1,4,3,3,5,2,1,2,2,4,1,4,5,1,4,3,2,2,1,3,5,1,1,1,1,1,3,1,5,1,1
2,2,3,3,3,4,4,3,2,3,3,3,5,3,4,3,2,2,5,3,4,3,4,2,1,3,2,2,1,3,3,3
1,4,3,3,5,5,4,1,1,3,2,2,5,5,5,3,2,2,3,2,5,3,3,1,1,4,1,5,1,5,3,1
1,2,2,3,5,4,4,2,1,1,1,4,5,1,2,4,1,1,2,4,5,4,4,2,1,3,1,3,1,4,3,5
1,5,5,1,5,5,1,1,1,5,5,5,5,5,1,5,1,5,5,1,5,1,1,1,1,5,5,5,1,5,1,1
2,5,5,2,4,5,4,1,4,4,5,4,5,4,5,4,3,5,4,2,2,3,2,2,1,4,1,4,2,5,2,2
2,4,3,2,4,4,4,2,5,3,3,2,5,5,5,5,1,3,4,1,5,4,5,2,1,3,2,3,2,4,3,2
2,3,3,2,3,2,3,1,4,1,2,2,2,1,4,4,3,1,1,2,3,4,3,2,3,1,2,2,2,3,3,2
2,3,3,2,4,5,4,3,1,4,3,3,5,5,3,3,1,4,5,2,5,3,4,-1,1,5,2,3,1,4,3,3
1,3,5,2,5,3,2,3,2,2,5,3,3,3,1,3,1,2,2,2,5,4,3,1,2,5,3,4,1,4,4,3
5,4,5,4,5,4,5,4,5,4,5,4,5,4,5,4,5,4,5,4,5,4,5,4,5,4,5,4,5,4,5,4
2,4,2,1,1,2,2,1,4,2,1,1,5,1,3,4,5,2,1,1,3,3,1,2,3,3,4,2,2,2,2,1
1,4,5,2,5,5,1,3,3,1,5,2,4,2,2,4,1,2,5,2,5,1,1,1,1,4,5,5,1,4,1,3
3,3,2,4,3,3,4,3,3,2,2,2,4,3,5,3,2,3,3,3,4,4,4,3,2,3,1,2,3,4,2,3
4,3,4,1,3,5,2,1,4,2,4,1,4,2,2,1,3,1,4,1,3,4,3,1,4,3,4,1,3,5,2,1
2,1,2,5,4,3,1,5,2,2,5,2,5,1,5,3,1,1,4,4,5,2,2,2,2,3,2,4,4,3,1,4
1,4,5,3,4,3,3,2,1,3,2,3,5,3,3,3,2,3,4,2,5,3,2,3,1,4,4,4,2,3,2,4
2,2,4,3,2,5,4,4,1,1,5,4,4,2,1,5,1,2,3,5,5,2,1,1,1,2,4,2,2,2,2,5
2,4,3,2,3,4,3,4,2,3,2,2,4,4,4,2,1,3,3,3,4,4,4,2,2,4,3,2,2,3,3,4
2,3,3,3,4,4,4,4,2,2,1,4,4,4,4,2,2,3,3,3,5,3,4,3,1,4,2,5,2,3,5,4
2,4,3,3,3,4,4,3,2,3,3,3,4,4,3,3,1,4,4,3,5,4,3,4,-1,4,3,4,3,4,3,4
2,3,3,2,4,4,3,3,3,3,2,2,3,2,3,4,3,3,4,2,4,2,3,2,2,4,2,4,1,4,3,2
3,1,2,5,2,2,5,2,2,1,4,1,4,1,4,4,5,2,2,2,2,1,4,-1,4,2,1,1,3,2,5,1
1,3,4,4,5,5,4,4,1,3,4,4,5,4,4,4,1,4,3,4,5,3,1,4,1,3,2,3,3,5,2,5
2,3,3,3,3,4,3,2,2,3,2,5,5,3,1,3,2,3,4,4,5,3,-1,3,1,4,2,2,3,3,3,3
1,3,3,3,5,5,4,4,1,5,2,2,5,5,3,1,1,5,4,2,5,2,2,3,1,5,3,4,2,5,4,4
1,4,3,4,4,5,2,3,1,5,2,3,5,4,3,3,1,4,4,2,5,2,3,3,1,5,3,3,2,5,2,3
4,1,2,1,1,4,3,3,4,2,3,2,2,1,5,4,4,2,3,1,3,4,3,3,4,4,3,3,4,5,2,2
1,4,3,4,5,5,4,4,1,2,1,4,5,2,4,3,1,2,3,3,5,3,3,2,1,4,1,4,2,4,1,4
2,4,5,5,4,5,3,4,1,4,4,5,4,2,2,2,3,2,4,3,5,4,4,5,1,4,3,5,4,3,4,5
2,3,3,3,3,4,4,2,3,3,2,2,5,4,3,3,2,3,2,2,4,4,3,4,2,3,1,2,3,3,4,4
2,4,1,1,3,4,4,2,2,1,1,3,3,1,2,3,4,2,3,2,3,4,4,3,2,4,1,1,4,4,4,4
2,3,2,3,4,4,4,1,5,4,1,3,3,3,5,5,2,4,3,1,5,2,4,1,1,4,2,3,2,4,5,4
2,5,5,3,4,5,3,4,2,4,2,4,4,5,1,3,1,4,5,4,5,4,1,2,1,5,4,5,2,4,2,5
1,5,4,3,5,5,5,1,1,3,5,4,5,4,3,5,1,2,5,1,5,4,2,1,1,4,5,4,2,5,1,2
1,5,2,2,3,4,5,1,3,4,2,1,4,3,5,5,1,3,2,1,5,1,4,1,1,4,1,2,2,4,4,1
1,2,1,4,5,5,5,1,1,2,3,2,5,3,5,3,1,2,3,2,5,4,5,3,1,5,1,2,1,5,5,3
2,3,3,3,4,5,3,3,2,3,3,3,5,3,3,2,1,3,3,3,5,3,3,2,1,3,3,5,3,5,2,3
2,3,4,3,4,4,2,-1,2,1,1,4,5,3,4,2,2,1,3,2,5,3,2,2,1,3,2,3,2,4,3,4
1,5,3,3,5,5,4,4,1,4,3,2,5,4,5,2,1,4,3,2,5,3,1,2,1,3,1,3,1,2,1,2
1,4,4,3,4,5,3,2,1,2,4,3,5,5,1,1,1,2,3,2,5,4,2,2,1,3,3,2,1,5,1,4
2,4,3,2,3,5,3,3,4,4,4,4,4,4,3,2,3,3,4,4,4,3,1,2,1,4,1,3,3,5,1,3
2,2,3,3,4,3,4,1,4,1,2,1,5,3,5,4,2,2,2,1,5,5,4,4,2,3,2,2,5,4,4,1
1,2,2,2,5,4,5,1,2,1,4,1,5,2,4,5,1,1,5,1,5,4,2,2,1,2,1,1,1,3,3,1
3,2,3,3,2,3,3,3,4,3,2,4,3,2,5,2,2,3,3,4,4,4,4,4,3,4,2,3,5,3,3,4
4,3,3,3,2,3,2,2,4,2,3,1,4,3,2,4,3,1,4,1,4,4,2,2,3,3,1,4,5,2,3,1
1,4,4,3,5,5,3,3,4,3,2,2,4,4,3,3,2,3,4,2,5,3,2,2,2,3,3,5,2,2,2,3
4,1,2,1,3,5,3,1,4,1,5,1,1,1,5,5,5,1,1,1,4,3,2,2,4,2,1,1,1,4,5,1
2,5,5,4,2,4,2,3,5,3,5,4,5,2,1,3,2,5,4,3,5,5,1,4,2,5,1,5,3,5,3,4
5,3,3,1,1,2,1,1,5,1,3,1,3,1,1,5,5,1,2,1,1,5,1,1,5,1,3,1,5,4,1,1
2,2,2,1,4,3,4,2,2,1,1,4,4,1,4,3,1,1,1,1,5,5,3,1,2,1,1,5,3,5,5,2
1,5,3,3,4,5,4,3,1,2,2,4,5,5,4,2,1,3,4,2,5,2,4,3,1,5,1,2,2,3,4,4
3,5,4,2,4,4,2,2,4,3,2,4,4,4,2,2,1,3,2,2,5,2,3,2,1,4,3,4,2,3,2,3
1,3,3,3,5,4,3,3,1,2,3,4,5,3,5,3,1,1,4,3,5,4,4,4,1,4,1,5,1,1,4,4
4,2,3,2,3,4,3,1,5,1,3,1,5,2,2,5,3,1,4,1,3,5,2,2,2,2,4,3,5,-1,-1,2
1,1,3,2,5,5,5,1,1,1,2,1,5,5,4,5,1,1,4,1,5,4,3,1,1,4,1,1,1,5,3,2
1,5,3,3,4,5,3,3,2,4,2,3,5,4,3,3,1,4,4,3,5,2,4,3,1,4,1,2,1,4,2,3
2,3,3,3,3,5,3,2,2,2,2,1,5,3,1,5,1,4,3,1,5,3,1,1,1,3,3,3,2,5,1,3
2,3,4,3,4,4,2,2,2,3,4,3,4,4,3,4,4,2,4,2,3,3,3,2,2,3,2,4,2,3,1,2
1,1,4,5,5,5,2,5,4,4,1,4,5,3,3,1,1,2,5,4,5,5,1,5,1,4,1,1,1,4,4,4
2,4,3,3,4,5,5,3,4,3,1,3,5,5,4,2,2,4,1,2,5,3,2,3,2,5,1,5,1,2,4,3
3,4,3,3,3,4,3,4,2,3,3,4,5,5,3,3,2,3,4,3,5,4,3,3,2,4,3,4,2,4,4,4
2,3,2,2,4,3,5,2,2,2,1,3,4,3,5,3,2,2,2,2,5,4,3,2,2,4,2,3,2,4,4,2
1,3,2,4,5,3,4,2,4,3,1,4,5,4,5,3,1,-1,2,2,5,2,4,2,1,5,1,3,1,3,4,2
1,3,5,1,3,4,2,2,3,4,4,3,5,1,1,2,2,1,4,1,4,1,1,2,1,3,5,3,2,5,1,3
2,3,4,4,3,3,3,4,2,3,2,5,4,3,5,2,3,3,3,3,4,2,2,3,2,2,2,4,4,4,3,4
5,3,3,4,2,3,5,3,4,1,3,2,3,1,5,4,3,1,2,1,3,3,5,5,4,1,1,1,5,3,3,5
3,2,2,4,4,4,4,3,2,3,1,3,4,3,5,2,4,2,1,2,3,3,4,5,2,2,2,2,3,4,4,3
2,1,4,4,2,3,4,4,2,1,3,4,5,2,5,2,2,1,4,4,5,5,5,1,1,2,1,1,1,2,4,3
1,3,5,4,4,5,3,2,4,2,3,4,5,3,1,3,1,1,5,2,5,5,1,1,1,3,1,3,2,5,1,3
1,4,4,3,5,4,5,2,1,3,2,2,5,4,5,2,1,4,2,2,5,1,3,4,1,4,1,4,1,5,1,3
2,4,3,1,4,4,5,3,2,3,3,3,5,2,3,4,-1,3,3,1,5,1,1,2,2,4,2,3,2,4,3,3
1,5,3,2,4,5,3,1,3,5,1,4,4,5,5,4,1,5,5,1,4,4,2,3,1,5,1,4,5,5,4,1
1,4,4,3,5,4,3,4,4,4,4,5,5,3,3,2,-1,2,5,4,5,3,3,3,1,3,3,3,1,3,2,4
2,3,2,2,4,5,2,3,1,3,2,3,5,4,3,3,1,3,-1,-1,-1,-1,-1,-1,-1,-1,-1,-1,-1,-1,-1,3
2,5,5,4,4,5,1,2,2,5,5,1,5,4,1,2,1,5,5,2,4,3,3,2,1,5,5,5,2,5,1,4
2,3,3,4,5,5,2,4,2,4,2,4,4,3,2,2,1,4,4,3,5,3,2,2,2,4,3,3,2,2,4,4
1,4,5,2,3,5,1,2,1,3,5,5,5,5,1,2,1,4,3,4,5,3,2,1,1,2,4,3,4,5,-1,3
2,2,4,2,3,4,1,2,5,4,3,2,5,2,1,2,3,3,4,2,4,1,3,2,5,2,3,4,3,4,1,2
2,4,2,1,4,2,3,1,1,4,2,1,5,3,3,5,1,2,2,1,5,4,4,1,1,4,3,4,2,4,3,1
1,5,5,3,5,5,3,5,1,5,5,2,5,5,1,1,1,5,5,5,5,1,5,3,1,5,5,5,1,5,1,5
2,4,2,3,3,3,4,3,2,2,2,4,4,3,4,2,2,2,2,2,3,2,2,3,2,4,2,4,4,4,4,3
3,2,4,4,3,4,3,5,2,2,3,4,4,2,4,2,2,2,4,4,4,4,3,4,2,2,3,4,3,2,3,4
1,3,4,5,3,5,3,5,4,3,3,4,5,5,3,1,1,3,5,1,4,1,4,5,1,3,1,5,3,5,1,5
1,2,2,1,4,3,3,2,2,2,3,3,4,1,2,3,1,2,1,1,5,4,2,2,1,1,4,2,2,3,2,2
2,5,4,2,4,5,3,1,2,2,1,4,5,5,4,3,2,2,2,1,5,2,3,2,1,4,3,5,2,4,4,3
1,3,4,3,4,3,3,3,2,2,2,3,5,4,2,2,1,3,3,2,5,2,1,3,1,3,2,4,1,2,2,4
3,4,3,3,3,3,5,4,3,2,2,1,3,2,5,3,3,2,2,3,4,4,2,2,3,4,4,3,3,3,4,3
1,4,2,2,3,5,3,2,3,2,4,2,3,2,3,4,2,1,3,1,3,2,1,1,3,2,1,4,3,3,2,2
1,2,3,4,5,4,3,3,3,2,5,5,4,4,3,3,3,4,5,1,2,3,2,2,2,3,3,2,5,2,4,4
2,4,2,2,4,5,4,2,2,5,2,3,5,4,4,3,2,4,3,2,4,3,4,1,1,4,1,2,2,4,4,2
2,4,3,2,4,4,4,2,3,3,2,3,4,4,4,4,2,4,4,1,5,2,2,2,1,3,4,2,2,4,3,1
4,3,5,3,5,4,2,2,2,2,3,1,5,4,4,4,1,2,2,3,5,2,2,1,1,1,4,4,3,3,2,1
4,4,4,3,4,4,3,1,5,2,3,1,5,4,2,3,4,3,2,1,4,5,2,4,2,3,4,3,3,4,1,1
1,3,3,3,4,4,4,4,2,3,1,2,4,4,4,2,2,3,2,2,4,3,4,4,2,4,1,4,3,4,3,3
4,5,2,3,4,4,4,1,2,3,1,3,5,4,5,4,4,3,3,1,4,2,3,4,1,4,1,3,2,4,3,2
3,2,1,4,4,5,5,4,4,1,1,5,4,1,5,3,2,1,1,4,4,4,5,3,2,2,1,4,1,4,5,4
2,5,3,4,4,5,4,2,3,2,2,3,5,4,5,4,2,5,5,1,5,4,5,3,2,4,2,4,2,5,5,3
3,2,2,5,4,3,4,2,4,1,4,5,2,1,4,1,3,2,2,3,4,5,3,5,3,1,2,5,3,5,4,5
1,3,3,3,3,3,4,1,4,3,2,3,4,3,2,3,-1,3,3,3,5,3,3,1,2,3,4,4,2,3,3,3
1,2,5,3,5,4,2,1,4,1,4,2,5,1,2,5,2,1,5,1,5,5,1,4,1,2,4,1,5,3,1,1
2,2,2,2,5,5,4,5,3,5,3,4,5,4,5,3,2,2,2,3,5,5,-1,3,2,5,1,3,2,4,2,3
1,5,5,4,3,5,3,3,3,4,2,4,5,4,1,2,1,5,5,-1,3,2,1,2,1,4,5,5,4,5,1,4
2,4,3,2,4,5,1,1,2,3,4,3,5,3,2,4,1,1,5,2,5,3,1,1,1,4,2,4,2,2,1,1
1,3,4,4,4,4,2,3,1,4,4,4,5,3,2,2,1,2,3,3,4,2,2,2,1,4,4,4,1,4,2,2
2,4,3,1,3,2,2,1,3,3,4,4,5,1,3,2,2,2,4,3,3,3,2,5,2,1,2,5,2,3,2,2
3,4,5,4,5,5,2,5,2,3,4,4,5,4,2,5,3,2,2,4,3,1,3,2,2,4,2,4,2,5,4,3
2,2,4,1,4,5,3,-1,1,1,2,5,2,1,2,2,1,1,4,3,5,4,2,2,2,5,1,1,2,5,3,3
3,2,4,2,3,3,2,1,2,2,3,2,5,2,2,1,3,2,4,1,3,5,2,1,1,4,3,5,2,-1,-1,2
1,2,3,2,4,3,4,2,2,3,2,3,4,4,5,4,2,4,3,1,5,3,4,2,2,5,3,3,2,4,3,1
3,2,3,3,3,3,4,2,3,3,2,2,3,1,5,4,3,2,2,2,4,5,4,2,2,3,2,1,3,4,4,2
2,3,2,3,4,4,3,2,2,2,4,1,5,3,2,5,2,2,4,1,5,4,2,3,1,3,2,5,2,4,2,4
1,5,2,4,4,4,4,5,1,3,4,4,4,5,5,2,2,2,2,3,4,2,4,4,1,3,1,1,2,1,4,2
2,3,2,2,3,5,3,1,1,3,3,1,3,3,5,5,1,1,4,1,5,1,2,1,1,5,1,1,2,4,1,1
1,4,3,3,4,4,3,1,3,3,2,2,5,4,3,4,1,3,1,1,4,2,3,1,1,4,3,3,1,4,2,1
2,4,3,3,5,4,2,4,1,4,2,4,5,5,2,3,1,4,4,2,5,2,4,2,1,5,2,5,1,4,3,2
2,4,2,4,3,4,5,4,2,3,4,4,3,3,5,3,5,2,3,4,4,4,2,2,2,3,2,4,3,4,2,4
2,4,3,4,5,2,4,2,4,3,3,1,5,4,5,5,1,3,3,1,5,3,4,2,1,3,3,3,2,4,5,1
2,2,3,4,2,1,4,2,5,1,3,2,3,1,1,3,2,1,1,2,4,5,2,3,2,1,1,1,4,3,2,1
4,3,2,2,4,5,4,4,3,3,2,1,5,3,3,2,3,4,4,2,5,2,1,2,1,5,1,2,3,5,1,5
2,2,3,2,3,5,1,4,2,2,1,4,5,5,2,1,1,2,4,4,5,3,2,2,1,3,2,3,4,5,4,3
1,4,4,5,5,5,3,4,2,4,2,4,5,5,4,1,1,4,3,4,5,2,3,4,1,5,4,5,2,5,3,4
2,4,4,2,4,4,3,1,5,2,2,2,5,3,4,4,1,3,2,1,5,3,3,1,2,3,1,2,3,4,3,2
1,4,1,4,4,4,5,4,2,4,4,4,4,4,5,2,1,3,4,1,5,3,1,3,2,4,1,3,2,4,3,3
4,3,1,5,3,4,4,-1,2,2,2,4,4,2,4,2,4,2,2,3,4,4,4,4,3,3,2,4,3,2,4,4
3,3,3,4,4,4,2,3,2,2,4,4,4,2,3,2,2,2,3,3,3,3,2,4,2,3,4,4,2,3,2,3
3,5,1,2,4,5,1,1,1,5,5,1,5,3,5,5,3,5,5,1,5,4,5,5,2,5,1,5,2,5,1,1
1,2,3,2,5,5,4,1,1,5,4,3,5,5,5,4,1,5,4,1,5,2,2,1,1,5,1,5,1,5,4,2
1,3,2,3,5,4,5,3,1,2,1,4,5,2,5,3,1,3,4,2,5,4,4,3,1,3,1,1,1,4,2,4
2,4,2,4,4,5,3,3,2,3,2,4,4,4,3,3,2,2,2,3,4,3,2,3,2,4,2,4,3,4,4,3
3,4,3,3,2,5,4,3,1,5,1,3,5,4,5,4,5,4,2,1,3,3,3,2,2,5,1,3,5,4,3,3
1,3,1,1,4,5,3,2,4,4,2,1,5,3,5,4,2,3,4,1,5,1,5,5,1,4,1,4,2,5,3,1
3,4,3,2,3,4,4,3,2,4,2,4,3,3,4,4,4,3,3,2,5,3,4,3,4,4,2,4,3,4,4,2
2,3,3,2,4,3,4,3,3,3,3,3,4,3,4,2,2,3,3,2,4,3,4,2,2,4,2,4,3,4,4,3
4,4,3,4,4,5,4,5,2,5,2,5,4,1,1,1,2,3,1,5,4,3,2,4,2,3,2,4,2,4,5,4
2,4,4,4,3,4,3,3,2,2,3,3,4,4,2,2,2,3,4,3,3,3,2,3,2,4,4,3,2,4,3,4
1,3,2,1,4,5,3,4,2,3,1,1,5,4,3,4,1,2,4,3,5,2,5,2,1,4,1,4,2,5,3,2
4,2,4,3,3,5,3,2,3,3,2,2,5,3,4,2,1,2,2,2,5,4,3,1,1,3,1,4,3,2,4,2
2,3,2,3,2,4,4,2,5,3,3,2,4,4,4,3,4,3,3,2,4,3,2,2,2,4,3,4,3,4,2,3
2,3,3,3,4,4,3,2,2,2,3,3,5,3,3,3,2,2,2,2,4,2,2,3,1,4,4,4,2,4,3,4
2,2,4,2,3,4,4,1,2,3,2,1,5,4,3,3,2,3,2,1,5,2,3,2,1,4,3,1,4,5,4,2
3,2,3,5,2,3,2,2,2,3,3,3,3,2,5,4,2,3,4,2,5,4,4,4,3,2,2,3,3,3,3,2
2,4,3,3,3,4,4,3,2,2,4,3,5,4,2,4,2,2,4,2,5,3,4,3,1,3,1,4,2,4,4,4
1,5,4,2,5,5,3,2,2,4,2,5,5,3,1,4,1,2,5,1,5,4,3,3,1,5,5,5,1,5,2,3
1,3,4,3,2,2,3,1,3,2,2,4,4,3,1,4,2,2,3,1,5,4,1,3,2,3,1,2,3,3,1,4
2,3,4,4,3,3,4,4,2,2,4,2,5,2,5,3,1,3,2,4,3,3,2,2,2,3,3,2,2,2,4,3
2,3,4,3,4,4,3,2,3,1,3,4,1,4,1,4,3,1,4,1,5,5,1,1,1,3,1,2,2,3,2,1
1,3,1,3,5,5,5,1,2,3,5,3,5,4,5,4,1,3,3,1,4,3,5,1,5,4,3,3,5,5,5,1
2,3,4,4,4,5,4,5,3,4,3,5,4,3,3,2,2,2,3,4,5,3,4,2,2,3,2,4,3,4,3,3
3,2,4,4,2,4,5,2,2,2,1,4,3,2,5,2,4,1,2,2,1,1,5,2,2,4,1,1,1,5,1,3
1,4,4,4,3,4,3,4,1,4,3,5,5,3,3,2,1,3,3,3,5,2,2,4,1,4,2,3,1,4,1,5
1,5,5,3,5,5,4,3,1,5,5,4,5,5,2,5,1,5,5,1,5,2,2,3,1,5,5,2,1,5,2,5
2,2,4,5,4,5,3,5,3,3,4,5,4,3,3,1,1,2,4,4,5,2,4,4,1,2,2,5,2,4,1,5
2,4,2,2,4,5,5,2,2,4,1,5,5,5,5,4,1,4,5,1,5,4,3,3,1,5,1,4,1,5,3,2
2,4,4,4,4,3,2,4,2,2,4,2,4,2,4,4,3,2,3,3,5,4,2,3,2,3,2,4,2,2,3,4
4,2,4,4,4,4,2,4,4,4,4,4,4,4,2,2,2,3,5,5,5,2,2,4,2,4,4,2,2,4,3,4
4,2,3,4,1,3,2,3,4,2,3,3,4,2,1,3,5,3,5,3,2,2,2,3,2,3,4,2,5,5,2,2
1,3,3,2,3,5,3,4,2,4,1,4,5,5,4,3,2,3,4,2,5,4,3,2,1,4,2,4,2,5,2,5
2,5,2,4,4,5,3,3,2,5,2,4,5,3,3,2,1,4,4,3,5,3,4,3,1,5,2,5,2,4,4,3
3,2,2,2,3,3,4,2,2,1,2,2,4,2,5,4,4,1,1,1,4,5,4,2,2,3,4,1,2,2,4,4
3,1,2,3,5,4,3,1,2,1,4,2,5,1,4,5,3,2,5,1,5,5,1,2,1,2,2,1,2,5,3,2
3,2,2,4,3,5,4,2,4,2,3,3,5,3,5,2,3,3,2,2,5,4,4,5,2,3,1,3,5,5,4,2
2,2,2,1,4,3,3,2,5,2,2,2,4,2,4,5,3,2,2,1,3,3,4,2,2,2,2,2,2,2,3,1
2,3,2,4,2,2,3,2,3,2,3,3,5,3,3,4,-1,2,3,1,5,5,4,2,1,2,2,3,2,4,2,2
2,5,1,1,4,4,2,3,2,4,4,4,5,4,4,3,1,3,4,3,4,2,3,3,2,5,1,2,2,5,2,2
2,5,2,2,3,5,4,1,1,4,3,3,5,4,5,4,1,4,4,1,5,3,4,1,1,5,2,2,3,4,2,1
1,1,2,3,5,3,5,2,1,2,2,3,5,2,2,2,1,2,3,2,5,5,4,3,1,3,2,3,2,3,3,3
2,3,4,3,3,5,3,3,3,2,3,4,5,2,3,3,2,2,4,3,5,2,3,4,1,3,2,1,2,5,2,4
2,2,3,1,3,2,3,2,4,3,2,2,5,2,2,2,2,3,4,3,5,3,4,3,2,3,3,2,2,4,3,2
1,4,4,1,5,5,5,1,1,4,1,2,5,5,5,5,1,4,5,1,5,3,2,1,1,5,1,1,1,5,5,1
1,5,5,5,4,4,2,4,1,3,5,4,5,5,1,2,1,3,5,4,5,1,1,3,1,5,5,5,1,4,1,4
2,3,4,4,3,5,2,4,5,3,3,5,5,5,3,2,3,1,5,3,4,5,2,4,1,3,4,5,3,5,3,4
2,4,1,1,3,5,4,1,2,4,2,2,4,3,5,3,2,4,3,1,4,3,3,2,2,4,1,3,2,5,4,2
1,5,3,3,5,5,4,2,1,2,1,1,5,5,4,2,1,1,1,1,5,2,5,3,1,3,1,1,1,5,5,5
2,2,1,2,4,5,2,1,2,4,4,4,4,3,4,4,3,4,4,2,4,3,5,3,3,5,2,2,3,5,2,3
2,2,4,4,3,5,4,3,3,2,3,2,5,4,4,3,2,1,2,2,5,2,3,2,2,4,3,3,2,5,2,3
2,4,4,2,3,4,4,2,5,3,2,4,4,4,4,4,2,3,3,2,5,2,3,3,1,5,1,4,3,4,3,4
4,4,2,4,3,2,3,2,3,4,4,3,5,2,3,3,3,3,3,2,3,3,2,2,2,-1,2,4,1,4,3,2
4,3,3,3,1,2,2,1,5,1,3,2,4,2,1,4,4,5,1,1,3,5,3,2,1,1,1,1,5,3,2,3
1,3,5,2,3,5,1,3,1,3,5,3,5,2,1,3,1,2,4,2,5,4,1,2,1,3,4,4,1,5,1,1
1,3,4,3,4,4,5,2,2,3,2,4,5,4,4,3,1,4,2,2,5,2,2,1,1,4,1,3,4,5,4,3
1,1,4,3,3,3,3,3,2,1,4,4,5,2,1,5,1,3,4,2,5,4,1,2,1,4,4,3,2,3,1,4
1,3,3,4,5,5,4,2,2,4,5,2,5,5,5,4,1,3,4,1,5,4,3,3,1,5,4,4,2,5,1,3
3,3,1,4,3,3,5,1,3,1,1,1,4,3,5,5,1,3,3,1,5,4,1,2,1,3,3,2,1,1,1,1
2,3,2,3,2,4,5,3,4,3,1,2,4,3,3,3,4,3,2,2,4,2,4,-1,2,4,4,2,4,2,4,3
3,3,5,5,5,5,1,2,2,3,5,4,5,4,2,3,2,2,4,2,5,1,3,2,1,5,4,5,1,5,1,4
1,3,2,5,4,4,3,5,4,2,1,4,5,1,5,3,1,4,5,3,5,4,3,2,1,3,4,5,3,5,4,3
2,5,1,1,4,4,4,1,2,5,5,2,5,5,2,5,1,3,4,1,5,1,1,1,2,5,2,4,1,4,1,1
2,4,3,4,5,5,3,4,2,4,3,4,5,5,3,2,1,4,4,3,5,2,2,3,1,5,3,4,2,4,2,4
5,4,5,2,4,4,3,2,3,2,3,1,5,3,5,2,1,3,4,1,5,2,3,2,1,3,1,2,1,5,2,1
2,5,4,5,3,5,3,4,2,5,2,4,5,5,1,2,1,5,2,2,5,1,1,5,1,5,1,5,5,5,5,5
1,4,4,4,4,5,3,2,4,4,4,4,5,5,4,3,2,3,2,2,4,2,4,3,2,4,2,4,3,4,5,5
1,4,4,4,4,5,4,4,3,5,4,4,5,5,3,1,1,5,4,3,5,3,1,3,1,4,4,3,3,5,2,4
3,4,4,1,3,2,2,2,3,2,4,2,4,3,2,4,3,2,4,1,4,2,4,4,3,3,2,4,2,3,2,1
4,4,3,3,3,3,4,3,4,4,2,4,3,2,3,4,3,4,2,2,4,3,3,4,3,4,2,4,4,5,3,3
1,4,4,3,4,5,3,3,1,2,3,3,5,4,2,2,1,2,3,2,5,2,2,3,1,3,4,3,1,5,2,3
2,4,5,4,3,5,1,5,2,2,5,1,5,5,5,4,1,3,4,5,4,2,5,3,1,3,1,3,5,4,2,3
2,4,5,2,5,4,1,3,2,4,4,4,5,4,1,2,2,4,5,3,5,2,2,2,1,5,4,5,2,4,1,4
1,5,4,1,1,5,4,1,1,5,2,2,5,5,2,2,1,5,5,1,5,2,2,1,1,5,4,2,1,5,2,2
1,5,4,3,4,5,4,4,2,1,2,4,5,2,4,2,2,2,5,2,5,2,3,2,1,2,4,4,2,4,2,4
2,4,4,2,3,4,3,2,2,4,2,2,4,4,3,3,1,3,3,1,4,4,3,2,1,5,3,2,4,5,4,2
1,4,4,1,5,5,4,2,1,4,2,1,5,5,5,4,1,3,4,1,5,4,5,3,1,5,1,3,1,5,4,2
5,5,5,1,1,5,5,1,1,1,1,1,5,1,5,5,5,1,1,1,1,5,1,1,1,1,1,1,5,5,1,1
2,3,3,4,5,3,4,2,2,2,1,4,5,3,3,4,1,2,1,3,5,1,3,4,1,2,2,3,2,3,3,3
1,3,3,2,3,5,2,1,1,5,3,3,5,3,1,5,1,3,4,1,5,2,2,2,1,3,4,5,2,5,2,3
2,4,4,2,4,5,4,2,2,4,2,4,5,4,5,2,4,2,2,2,4,4,2,2,1,4,4,2,2,5,4,2
1,4,3,2,5,5,4,-1,3,4,4,2,5,5,3,3,1,4,4,2,5,2,2,2,1,4,3,3,2,4,3,3
5,2,3,4,1,3,2,1,5,2,3,2,4,2,4,5,4,4,3,1,3,4,3,3,3,3,2,1,5,3,3,1
1,3,3,4,4,5,3,2,2,3,4,2,5,4,2,2,2,3,5,2,4,5,5,3,1,3,4,5,3,5,3,3
4,4,2,2,2,2,4,2,4,2,2,2,4,2,4,4,2,2,2,2,4,2,2,2,2,2,4,2,4,2,4,4
1,2,3,3,4,5,3,2,2,2,1,5,5,2,5,2,1,1,3,1,5,5,4,2,1,3,1,5,1,5,3,4
1,5,4,2,5,5,2,3,1,5,2,3,5,5,2,2,1,4,5,2,5,1,1,2,1,5,2,2,-1,3,1,3
1,3,5,4,3,5,2,5,3,1,3,5,5,2,1,2,1,2,5,5,5,4,2,2,1,5,4,4,1,4,1,4
4,4,1,5,2,4,1,1,5,4,1,1,1,1,4,4,2,5,1,2,4,3,2,5,2,5,2,4,5,5,1,1
4,1,1,4,2,2,3,4,5,3,1,3,1,2,5,2,4,2,1,2,2,4,5,3,4,3,1,3,3,3,5,3
3,5,3,5,5,4,4,4,3,3,3,3,5,3,3,2,3,3,4,3,5,4,3,3,2,3,2,4,3,4,3,4
1,2,3,4,5,5,3,4,2,3,2,4,5,5,2,1,2,2,3,3,5,3,3,2,1,4,4,2,1,5,2,4
1,4,2,3,2,5,5,4,5,5,1,2,4,4,4,3,3,2,4,4,5,5,3,1,1,4,1,2,5,5,5,1
1,4,4,2,5,5,1,1,1,5,5,2,5,5,1,2,1,4,5,1,4,3,1,3,1,5,5,5,1,5,1,4
2,4,2,4,4,5,4,5,3,4,2,5,4,2,4,2,3,2,4,4,-1,4,1,3,2,3,3,5,3,2,2,4
3,1,2,3,3,2,3,2,4,3,2,2,3,2,5,3,3,3,4,3,4,5,4,3,2,2,4,2,3,3,2,4
3,3,5,4,4,5,2,2,2,4,4,2,5,2,2,4,2,4,4,2,4,4,-1,2,1,3,4,2,3,5,1,2
1,2,4,4,4,5,4,4,4,1,1,4,5,3,5,2,1,1,4,4,5,5,3,2,1,3,1,1,2,3,5,5
4,4,2,3,3,4,4,1,1,2,4,2,4,3,5,5,4,4,4,1,3,2,2,2,2,3,1,3,3,5,3,2
2,3,3,3,2,4,4,3,2,3,2,4,5,2,3,3,1,3,4,3,5,3,3,2,1,4,4,5,2,5,3,4
2,4,2,3,3,4,4,2,3,4,2,2,4,3,4,2,2,4,4,2,5,3,3,2,2,4,2,4,2,4,2,3
1,1,2,2,3,4,4,4,4,3,3,1,5,5,5,5,5,4,3,3,3,3,3,3,3,3,4,5,4,4,5,5
1,2,1,2,5,5,4,1,3,1,1,3,5,4,5,2,2,1,5,2,4,4,4,3,1,3,1,1,1,5,1,2
1,4,3,2,5,3,4,5,2,5,4,2,5,3,2,2,2,5,5,3,5,3,-1,2,2,5,2,4,3,5,4,3
1,4,4,3,5,4,3,2,4,2,5,3,5,1,5,4,1,1,5,1,5,1,4,5,1,3,2,4,1,4,1,2
3,4,1,2,4,5,4,1,3,1,1,3,5,2,5,3,1,3,2,1,5,4,4,2,1,1,1,1,5,5,5,1
1,3,3,2,3,5,4,2,1,2,3,4,5,4,4,4,2,2,4,1,5,4,5,4,1,5,1,4,2,4,4,2
3,2,4,2,3,4,3,1,3,1,3,1,3,2,1,2,3,3,3,1,2,3,2,5,3,2,3,4,2,5,2,2
5,3,3,1,2,2,3,1,4,1,3,1,3,2,5,5,4,2,3,1,2,4,4,1,3,1,2,3,3,4,3,1
3,4,4,1,3,5,3,1,4,2,5,1,5,4,5,5,3,4,1,1,3,4,4,2,1,5,1,4,1,5,4,3
2,5,1,4,2,1,4,2,4,1,2,2,4,1,4,4,2,2,2,2,5,1,4,2,2,1,1,1,2,2,4,1
2,1,4,1,3,5,4,4,4,1,4,1,5,3,3,5,4,1,4,2,3,4,3,3,1,2,2,2,4,5,2,1
2,4,3,4,4,5,5,5,3,3,1,4,5,4,4,3,2,2,2,2,5,4,2,3,2,3,1,3,1,5,4,4
1,4,4,2,5,4,3,2,2,5,3,3,5,2,1,3,1,4,4,2,5,1,1,4,1,5,4,4,1,5,3,1
3,2,1,2,1,2,5,4,2,1,3,3,2,1,5,3,4,1,1,3,2,5,4,2,4,2,1,1,5,2,4,3
4,3,3,4,4,3,2,3,2,2,4,2,3,1,4,3,3,2,4,3,2,1,2,4,3,2,2,2,4,3,3,2
2,3,4,2,3,3,4,2,4,2,1,2,5,3,4,4,2,2,2,2,5,3,3,1,1,3,3,3,2,3,3,3
1,5,3,3,4,4,2,3,2,4,4,3,4,3,3,2,2,4,5,3,3,3,3,4,2,4,4,5,1,3,1,3
3,1,4,2,4,4,4,2,3,2,3,2,4,2,3,4,3,2,2,2,4,2,3,4,2,3,2,1,2,3,4,1
3,3,2,3,3,4,3,4,3,4,3,2,4,3,4,3,3,3,2,4,3,3,4,5,2,3,3,2,3,3,4,5
3,3,4,3,3,4,2,2,3,3,3,3,4,4,4,2,2,4,4,1,4,3,2,1,2,4,3,4,2,4,3,1
3,4,1,1,3,4,3,1,2,1,1,1,5,2,5,5,2,1,3,1,3,1,3,1,1,2,1,1,2,2,5,1
2,3,3,4,3,4,4,2,4,3,2,3,4,2,3,3,3,2,2,2,4,4,3,4,2,3,2,2,4,4,4,2
1,2,3,5,5,5,3,2,2,2,4,3,5,4,3,3,2,2,3,2,5,3,2,5,2,4,2,2,2,3,2,4
1,4,4,3,2,4,3,2,2,2,5,3,5,3,1,5,1,3,2,1,4,4,1,2,1,4,5,4,3,4,2,1
3,1,5,1,2,4,1,1,5,1,3,1,5,1,5,5,3,1,5,1,3,5,4,3,1,1,3,5,1,3,1,1
2,4,4,4,4,4,2,4,2,3,4,4,4,5,2,2,2,4,4,4,4,2,2,5,2,4,4,4,2,4,3,5
2,5,3,5,4,5,2,5,2,5,3,5,5,5,2,5,1,5,4,5,5,5,4,5,1,5,5,5,2,5,4,5
1,3,3,3,4,4,2,3,1,3,4,5,5,3,5,2,1,4,3,3,5,4,4,3,1,3,2,3,1,1,3,4
5,5,1,5,1,5,5,5,1,1,1,1,5,5,-1,1,1,1,1,1,5,5,1,5,1,1,1,1,5,5,5,1
1,3,4,2,4,5,3,1,3,3,4,1,5,2,2,5,1,2,4,1,4,2,2,1,1,4,4,4,1,5,1,1
1,5,5,3,5,2,4,1,2,5,4,3,5,5,-1,4,1,5,5,1,5,5,1,3,1,2,5,5,1,5,4,5
1,4,3,2,4,3,4,2,2,3,3,2,5,4,4,5,1,3,2,2,5,4,2,2,1,2,1,2,2,3,2,3
1,5,5,5,4,5,4,2,2,5,1,5,5,5,5,4,1,5,4,1,5,2,1,5,1,5,1,5,4,5,3,4
2,3,2,2,4,4,3,2,5,1,2,3,5,2,4,4,2,1,4,2,4,5,5,1,1,4,1,5,3,4,2,3
2,3,2,2,3,5,4,1,4,2,1,2,4,3,5,4,2,2,4,1,4,2,2,1,2,4,2,1,2,5,2,2
1,3,4,3,5,4,5,3,1,2,2,3,5,3,5,3,2,3,3,2,5,3,1,3,2,4,1,3,3,3,4,4
3,3,2,2,2,3,5,1,3,3,4,3,5,3,3,4,3,4,4,1,4,5,5,2,1,3,1,2,3,5,5,2
2,5,5,2,2,5,1,3,2,5,2,1,4,4,5,1,1,5,3,1,5,4,2,2,1,5,5,5,1,5,3,1
1,4,5,4,4,4,5,4,4,4,4,5,5,5,2,3,1,4,4,3,5,2,1,2,1,4,3,5,3,3,4,3
2,3,2,4,3,3,4,5,2,5,1,5,5,2,5,4,2,2,3,2,5,4,3,4,2,5,1,4,3,2,3,5
3,3,3,2,4,5,5,2,4,2,2,2,5,4,3,3,2,1,2,2,4,2,2,4,1,4,1,3,-1,5,2,4
2,4,3,4,4,4,3,4,3,2,3,3,4,2,2,3,3,3,2,2,5,3,2,2,1,3,3,2,2,5,3,3
1,4,5,5,4,3,5,4,3,3,2,4,5,5,4,3,1,5,4,4,5,2,1,2,1,4,3,4,2,2,2,4
1,3,3,2,3,4,3,4,2,-1,3,3,5,2,2,2,1,3,2,2,5,4,3,2,1,2,1,4,3,3,3,3
2,2,3,3,2,4,3,2,5,1,2,2,5,1,5,4,2,1,3,1,4,4,3,2,1,1,1,4,4,2,3,4
1,3,3,3,4,4,3,4,1,3,4,1,5,4,3,4,1,2,4,1,4,2,2,2,1,4,2,4,1,5,2,1
3,3,2,2,4,4,4,2,4,3,4,2,4,3,4,4,3,2,1,1,3,3,3,3,2,4,1,2,1,4,3,3
2,5,4,1,3,3,3,2,3,3,4,1,5,4,3,3,1,3,5,1,4,4,3,2,1,3,5,4,1,4,3,1
1,3,2,1,3,5,4,1,3,3,3,2,5,4,5,1,1,3,3,1,5,3,2,2,1,5,2,3,3,5,5,3
1,3,2,1,5,5,4,2,1,3,1,1,5,2,5,5,1,3,2,1,5,3,5,1,1,4,1,1,1,5,5,1
1,4,2,4,5,5,2,4,2,4,4,4,5,4,4,4,1,4,5,2,5,2,2,2,2,4,1,4,1,2,4,3
1,3,5,2,4,5,3,2,2,3,4,4,5,3,2,2,1,3,5,2,5,-1,2,4,1,3,4,4,2,2,1,4
1,4,3,2,4,5,4,2,3,1,4,4,5,5,1,4,1,1,2,1,5,1,3,2,1,5,3,3,2,5,2,4
2,5,1,4,4,5,2,4,2,4,1,5,5,3,5,2,1,4,5,4,5,3,5,4,1,4,1,4,3,4,4,5
4,5,5,2,4,5,3,2,4,2,5,3,4,5,1,3,2,1,1,1,4,1,2,2,2,3,5,4,2,5,2,2
1,1,1,1,1,1,1,1,1,1,1,1,1,1,1,1,1,1,1,1,1,1,1,1,1,1,1,1,1,1,1,1
1,4,3,4,4,4,4,4,2,3,3,4,5,5,2,2,1,4,4,2,5,2,3,4,1,2,3,2,3,4,3,3
4,2,2,1,3,3,4,2,2,1,2,2,4,1,4,4,1,1,4,1,4,4,4,2,2,1,1,2,3,1,4,3
1,3,4,1,4,5,2,1,5,3,2,1,5,3,1,4,1,2,3,1,4,3,1,1,1,5,3,3,1,2,2,1
1,4,2,2,4,4,3,3,2,3,2,3,5,4,5,4,1,3,1,1,5,3,5,3,1,4,1,4,1,4,3,5
1,4,3,3,5,4,4,4,1,4,2,4,4,4,4,2,1,2,3,2,5,2,2,2,1,4,3,3,1,4,3,3
1,3,4,3,4,4,3,2,1,3,4,4,5,4,3,4,1,4,4,1,5,4,4,2,1,2,4,2,2,5,2,4
1,3,2,3,4,3,4,2,3,2,2,2,5,-1,-1,-1,-1,-1,-1,-1,-1,-1,-1,-1,-1,-1,-1,-1,-1,-1,-1,-1
4,2,3,3,4,3,4,4,2,2,1,4,5,2,5,2,2,2,3,4,5,5,3,4,2,3,1,4,3,3,3,4
1,2,5,5,5,5,2,4,1,5,4,4,5,5,1,1,1,4,5,1,5,1,4,1,1,5,1,5,1,5,1,4
2,1,3,2,4,4,2,3,3,1,3,2,5,1,1,2,3,1,5,2,4,5,3,3,1,1,3,2,2,4,3,3
4,2,4,2,2,4,3,2,4,2,4,2,3,2,5,4,3,2,3,2,2,5,2,3,2,2,2,4,4,4,3,2
1,5,3,2,4,5,4,2,2,4,2,2,5,5,3,4,1,3,5,1,5,4,1,4,1,5,1,5,2,4,2,4
3,2,2,4,1,5,4,3,4,3,2,2,3,2,5,5,3,2,3,1,3,5,5,4,2,3,2,5,5,5,5,3
1,4,3,3,1,4,5,4,3,1,2,5,5,2,5,2,1,1,3,3,5,1,2,4,1,3,1,2,1,5,4,3
1,2,-1,1,4,4,1,4,5,2,4,5,5,1,2,2,1,1,4,3,5,2,2,2,1,3,5,4,1,2,1,4
1,5,3,2,5,5,4,2,2,3,1,4,5,4,3,1,1,3,2,3,5,3,2,3,1,5,3,3,2,5,4,5
1,4,2,4,3,5,4,3,5,4,3,3,5,5,2,3,1,4,4,2,5,2,3,2,1,4,1,4,2,4,2,3
1,4,2,4,3,5,3,2,3,3,3,3,5,4,2,3,1,4,4,2,5,2,2,4,1,3,3,4,2,4,2,5
2,3,3,3,2,3,3,2,3,4,2,3,5,2,3,3,2,3,2,3,4,3,3,3,2,3,4,2,2,3,3,2
3,5,3,4,4,5,4,4,4,5,2,5,5,5,5,2,1,5,1,1,4,1,5,5,1,5,1,5,3,5,5,5
1,2,4,3,4,5,3,2,4,1,2,1,5,2,1,2,1,2,4,1,5,4,2,4,1,4,3,2,2,5,3,3
2,4,3,3,4,4,4,4,3,2,3,4,4,4,4,-1,1,3,3,3,4,3,2,2,1,5,1,1,2,4,2,4
1,5,5,2,3,5,3,2,4,3,2,1,4,3,2,4,1,4,3,1,5,3,2,3,1,5,4,3,2,5,1,4
3,2,1,5,2,2,5,1,5,2,1,4,4,2,5,5,4,2,2,1,3,5,5,5,2,2,1,3,5,5,5,5
2,3,2,4,4,4,3,4,3,2,2,4,4,3,3,2,2,2,3,3,5,3,2,3,2,4,2,4,3,3,2,4
2,4,2,2,3,5,4,1,3,2,4,1,5,4,4,4,2,3,3,1,5,4,4,1,1,2,1,2,4,5,1,1
1,5,3,4,4,5,4,4,2,4,4,5,5,5,5,1,1,4,5,2,5,5,3,4,1,5,2,1,2,5,3,5
2,3,4,2,3,4,3,2,3,2,4,2,5,2,3,3,1,2,5,2,3,5,2,2,1,2,1,2,2,5,3,2
1,4,2,2,5,4,4,1,1,3,2,2,5,4,3,2,1,2,3,1,5,2,3,2,1,5,1,2,1,4,1,2
1,3,5,1,4,5,4,1,3,1,1,1,5,2,3,5,1,1,1,1,4,4,2,1,1,4,5,4,3,2,3,1
2,4,1,3,3,5,5,3,4,3,1,2,5,4,5,4,4,2,1,2,5,2,3,2,1,5,1,2,4,5,3,4
5,2,4,2,4,5,3,3,4,3,2,2,2,1,4,2,4,2,4,1,3,3,5,5,4,3,3,4,1,5,3,2
2,2,3,3,5,4,5,1,1,1,4,3,5,4,3,5,1,1,2,1,5,4,3,2,1,5,2,3,1,4,2,1
2,2,3,4,4,3,5,4,4,1,2,5,5,3,5,2,3,1,4,3,3,5,3,2,1,2,3,4,2,5,4,2
1,3,5,3,2,3,2,1,4,2,5,3,5,1,2,2,1,2,5,1,5,3,2,1,1,5,4,5,2,3,2,5
2,4,4,2,4,4,4,4,2,4,2,3,5,4,2,2,1,4,4,2,4,3,2,3,1,4,2,3,2,4,2,4
2,4,1,2,4,5,3,2,3,4,2,3,4,3,5,2,2,4,3,2,5,4,3,2,2,5,1,4,3,4,4,2
2,5,3,5,4,5,5,5,2,5,1,5,5,5,5,1,1,1,1,5,5,1,1,5,1,5,1,5,3,5,5,5
1,4,2,4,4,3,4,2,3,4,3,3,5,2,4,4,2,3,3,2,5,4,3,3,2,4,2,4,3,4,2,2
1,4,1,3,3,5,4,4,3,3,2,5,5,2,5,1,2,1,2,2,4,4,4,2,1,4,1,5,2,5,4,1
1,4,3,4,3,5,2,2,2,3,2,2,5,4,4,3,1,4,5,1,5,2,3,3,1,4,1,2,2,5,3,2
2,4,2,4,3,5,4,3,2,4,2,4,5,3,5,2,2,4,3,3,4,4,3,3,1,4,1,4,2,5,3,4
1,5,3,2,5,5,4,3,1,2,2,3,5,4,4,4,1,3,3,2,5,2,3,2,1,3,2,3,1,5,3,3
3,3,4,2,2,2,2,2,2,2,2,2,3,2,3,2,3,2,2,2,4,4,3,2,3,4,2,2,3,3,3,3
2,4,1,2,1,4,1,1,5,1,5,1,5,1,5,5,1,1,5,1,5,5,3,1,1,4,4,4,4,4,5,1
1,4,4,2,5,5,4,2,4,5,3,4,5,2,5,5,1,4,3,1,5,4,2,2,1,5,3,5,1,5,2,4
4,4,4,3,4,3,3,3,3,2,4,4,5,4,2,3,2,2,2,2,4,2,2,3,1,4,1,4,3,2,1,3
1,3,3,2,4,5,3,3,2,3,2,5,5,2,4,2,1,2,3,2,5,4,3,1,1,4,3,2,2,5,4,4
3,3,2,2,5,5,4,5,2,3,5,2,5,4,3,4,1,3,3,2,5,1,3,3,1,3,3,3,2,5,5,5
-1,2,4,3,2,3,4,4,2,1,3,4,2,1,1,3,4,2,5,2,3,3,2,4,3,2,3,2,1,5,1,3
1,4,3,3,5,5,4,2,2,4,3,3,5,5,2,4,1,4,5,2,5,3,1,3,1,4,1,4,1,5,1,2
1,4,4,1,4,5,2,1,1,4,3,1,5,4,5,5,1,4,4,1,5,3,1,3,1,5,3,5,2,5,3,1
2,3,3,2,3,5,3,3,3,2,1,5,5,3,4,2,2,3,3,3,4,3,3,2,1,3,2,4,3,5,4,4
3,4,2,3,3,4,4,4,4,4,3,3,4,5,4,2,3,3,3,3,4,1,5,2,3,5,3,3,2,4,4,3
2,3,2,3,4,5,4,1,2,4,3,2,5,4,2,4,2,3,4,1,5,3,3,2,2,4,2,2,1,5,2,4
2,3,3,1,4,4,3,2,4,3,4,2,4,3,4,2,4,2,2,1,4,4,1,4,2,3,2,3,1,2,1,2
2,3,4,4,4,4,3,2,3,3,4,2,5,2,1,4,3,4,2,1,4,5,2,1,2,2,4,4,1,5,3,3
3,4,3,3,3,4,4,3,2,3,2,2,4,3,3,3,3,3,4,2,4,4,3,3,2,3,3,3,3,5,3,2
1,3,5,2,4,4,3,2,1,3,3,3,5,3,2,2,1,3,1,1,5,1,3,1,1,3,5,4,1,4,2,3
1,3,2,3,4,5,4,2,2,2,1,5,5,5,4,2,2,2,1,3,4,5,5,2,1,5,2,2,2,5,3,4
1,3,4,3,5,5,3,2,1,5,4,5,5,4,3,2,1,3,4,2,5,2,1,4,1,3,2,4,1,5,1,4
4,2,2,3,2,2,4,3,2,1,2,2,2,3,3,4,5,2,2,3,3,-1,4,1,4,3,2,5,5,3,4,3
1,5,5,4,5,5,4,5,1,4,5,4,5,5,1,1,1,4,3,4,5,2,1,3,1,5,4,5,2,5,1,4
1,4,3,2,4,4,5,1,3,3,5,3,4,5,2,5,2,3,4,1,4,2,1,1,1,4,5,5,2,5,1,1
1,2,4,3,-1,4,4,1,2,2,1,3,5,3,2,3,1,2,1,1,5,2,2,2,1,2,1,3,1,3,5,2
2,3,5,3,3,4,4,2,3,2,3,3,5,4,5,4,2,3,4,2,5,3,3,2,1,4,2,4,3,4,4,3
4,4,2,1,3,3,4,4,5,2,1,1,2,2,3,2,4,2,1,1,5,4,1,1,2,4,2,1,2,5,1,4
2,3,3,2,4,4,3,3,2,3,2,4,4,2,1,2,1,2,4,3,5,3,1,2,2,3,4,4,2,3,2,4
1,5,5,5,5,5,3,4,2,4,4,4,4,4,2,1,1,4,5,4,5,3,2,4,2,4,2,4,5,4,2,4
1,4,4,5,4,4,2,5,2,4,3,4,5,3,1,2,1,-1,3,4,5,2,2,1,1,4,1,2,1,3,1,3
1,4,3,4,3,4,3,4,1,4,2,4,5,2,3,3,1,4,2,4,5,4,4,4,1,4,2,5,3,2,4,5
3,4,2,4,3,5,2,2,3,4,4,1,5,4,4,2,2,2,2,2,4,3,2,2,2,3,3,3,3,4,3,2
3,3,5,2,3,5,3,1,2,3,3,1,5,4,3,4,2,3,2,1,5,3,2,2,1,4,1,1,3,5,3,2
2,3,4,4,5,5,4,2,3,1,1,3,5,4,5,3,3,2,1,1,5,3,4,1,1,5,1,4,1,5,5,4
2,3,3,1,3,5,4,1,2,3,2,2,4,4,5,4,1,2,3,1,5,4,3,2,1,3,3,5,2,4,3,4
4,4,1,1,2,3,4,1,5,2,1,2,3,2,4,5,4,2,1,1,3,4,3,1,3,1,1,2,1,4,5,1
2,3,4,5,4,5,2,5,1,3,3,5,5,4,4,2,1,3,2,5,5,2,3,3,1,4,2,4,2,5,3,4
3,3,2,2,3,4,4,3,3,4,1,3,5,5,2,2,1,5,4,2,5,2,4,3,1,5,1,3,3,5,5,2
1,4,4,2,4,4,3,3,1,4,4,4,4,-1,2,2,-1,3,5,4,5,1,1,2,2,4,4,4,1,4,1,3
1,3,5,5,4,5,2,3,2,3,3,2,5,4,2,3,1,3,5,2,5,3,2,3,1,3,3,1,2,4,2,3
3,4,2,4,3,5,3,4,2,4,3,4,4,4,4,2,3,4,4,4,4,4,3,3,2,4,2,4,4,4,3,3
2,5,2,3,4,4,3,4,3,4,2,2,5,5,3,3,2,4,3,2,5,4,2,3,1,4,2,4,3,5,3,2
2,3,2,5,2,5,3,1,4,4,3,2,4,4,5,5,2,4,4,1,3,4,1,4,2,5,2,2,5,5,2,3
3,4,3,2,3,5,4,3,2,4,3,3,5,3,4,4,1,2,5,4,5,3,2,1,1,4,4,1,2,3,2,2
2,4,2,2,3,4,3,4,2,2,1,4,4,1,3,1,2,2,1,4,4,2,1,2,1,1,1,3,2,4,2,3
1,4,5,4,4,5,1,3,2,4,2,3,5,3,1,5,1,4,5,4,5,4,2,4,1,4,3,5,2,4,2,4
1,3,4,5,5,3,5,2,1,1,1,5,5,2,2,2,1,2,4,2,5,2,3,2,1,2,1,5,1,4,4,4
3,2,3,3,4,4,3,1,4,2,2,2,5,2,4,5,3,2,2,1,5,5,2,3,2,2,4,5,2,4,3,3
2,1,4,4,4,5,4,1,4,2,2,2,5,1,3,4,3,1,2,1,5,4,4,1,1,1,1,1,2,4,4,1
1,5,3,1,5,5,3,2,2,4,2,2,5,5,4,4,1,5,3,1,5,1,3,1,1,5,2,3,1,5,3,1
1,2,2,1,5,4,5,3,4,1,1,2,5,1,5,3,1,1,3,2,5,3,3,1,1,1,1,3,1,2,1,3
2,2,5,2,4,5,2,4,2,5,4,2,4,2,2,4,1,3,3,2,5,5,3,3,2,3,5,4,2,4,4,3
1,3,4,3,4,5,1,3,2,3,5,3,5,4,1,3,2,3,4,2,5,4,2,2,1,4,1,2,1,5,1,3
1,5,4,2,5,4,4,4,2,4,3,4,5,4,4,4,2,3,4,3,5,2,3,3,1,4,3,3,2,4,3,3
2,4,3,3,4,4,1,2,3,4,3,2,4,4,4,5,1,4,3,1,5,3,3,2,2,4,2,3,2,3,3,2
2,4,4,1,5,4,2,2,4,2,4,2,4,3,2,4,2,2,4,2,4,3,1,4,4,3,4,3,1,2,2,1
1,5,4,5,4,5,3,3,2,4,3,2,4,4,2,2,2,4,2,3,4,2,5,4,2,4,1,3,2,4,2,4
2,4,3,3,4,4,4,3,4,3,-1,2,5,3,3,3,2,4,3,3,5,4,2,5,1,3,-1,1,4,4,2,5
1,5,4,4,5,5,4,3,1,5,5,3,5,5,2,4,1,5,5,2,5,1,3,1,1,5,2,4,1,5,1,5
2,4,2,3,5,5,3,4,3,1,2,3,5,3,5,4,1,2,4,3,5,3,3,2,1,4,1,5,4,3,4,2
2,4,4,3,4,4,2,4,2,2,2,3,3,3,2,4,4,4,3,2,4,3,2,4,2,4,2,4,2,4,3,4
1,3,3,3,5,4,2,4,1,4,2,4,5,5,3,2,1,5,4,3,5,2,2,3,1,5,1,4,2,4,1,5
2,4,3,2,5,4,2,5,1,4,1,5,5,3,3,4,1,3,2,1,5,1,3,2,1,4,1,4,1,5,5,5
1,4,5,1,5,5,1,1,1,4,5,2,5,4,1,4,1,3,5,1,4,3,1,1,1,1,4,2,1,3,1,5
1,3,4,3,4,5,5,2,3,4,2,4,5,3,2,3,1,-1,-1,-1,-1,-1,-1,-1,-1,-1,-1,-1,-1,-1,-1,-1
1,4,3,2,5,5,2,4,2,3,3,3,5,4,2,3,1,4,5,3,5,3,2,2,1,4,2,4,1,4,1,3
2,4,2,3,3,4,3,2,2,3,3,3,5,3,5,5,2,3,4,2,5,3,4,2,1,4,1,3,2,3,4,2
3,2,1,4,4,4,2,4,2,2,1,5,5,1,5,2,2,2,3,3,5,3,3,3,1,3,2,4,2,1,3,4
2,4,4,2,3,4,3,1,2,5,2,3,4,3,3,3,2,4,2,2,4,2,3,3,2,5,2,2,2,4,2,2
1,2,4,4,4,4,4,3,4,2,1,1,5,3,5,4,2,2,5,2,5,4,1,3,1,3,2,5,4,5,5,2
1,4,4,3,5,5,4,1,2,3,4,1,5,4,2,4,2,2,4,1,5,3,2,3,1,4,4,4,1,5,1,3
2,3,3,4,3,4,3,3,3,1,1,4,5,3,2,2,2,4,4,2,5,4,3,3,2,5,2,3,4,4,4,5
3,4,3,3,3,4,4,3,3,3,3,4,4,4,3,3,2,3,3,3,4,2,2,2,2,4,2,4,3,3,3,3
1,4,2,1,4,5,5,1,5,5,3,4,5,5,5,1,1,4,5,1,3,5,5,1,1,5,2,5,1,5,5,2
4,2,4,3,1,2,5,2,5,2,2,1,1,1,5,5,5,1,1,1,3,3,4,3,5,1,1,1,2,2,4,1
2,1,2,1,3,2,3,1,2,1,4,4,3,1,5,3,1,2,2,1,5,5,4,2,2,1,3,1,2,2,4,1
2,4,2,2,3,5,3,2,3,4,3,2,4,3,4,2,1,3,4,1,5,3,4,2,2,5,4,3,4,4,3,2
2,4,3,3,3,4,2,1,1,5,2,2,5,3,4,2,1,4,2,1,5,2,4,2,1,5,1,2,2,5,2,4
2,5,2,2,4,4,5,1,3,3,1,3,5,4,5,4,1,4,3,1,5,2,1,3,1,5,2,2,2,3,4,3
1,4,5,3,4,5,1,2,2,4,2,3,5,3,2,3,1,3,4,1,5,4,1,4,1,4,5,5,2,4,1,3
2,4,3,4,3,5,4,5,2,5,3,3,5,5,5,2,2,5,5,4,5,3,4,3,1,5,4,5,5,5,2,5
1,4,1,4,3,4,3,4,3,4,2,4,5,3,5,3,2,3,4,1,5,1,2,2,1,3,1,4,3,4,2,4
1,3,3,2,5,4,4,2,4,3,3,3,5,3,5,4,1,3,3,1,5,4,5,2,1,4,1,5,1,4,3,3
2,5,5,4,4,5,2,4,2,5,2,3,5,5,4,4,1,5,5,2,5,4,2,1,1,5,2,5,1,5,2,4
1,4,4,5,4,5,4,5,1,4,1,4,5,3,4,2,1,4,3,4,5,4,3,3,1,5,1,5,3,5,5,3
2,4,2,3,4,4,3,3,2,4,3,3,4,4,4,2,2,4,3,3,4,3,3,3,1,4,2,4,2,3,2,3
1,3,3,4,5,5,4,3,1,2,2,3,5,4,2,2,2,2,4,3,5,3,4,4,1,3,3,3,1,5,2,4
2,4,5,3,4,5,3,4,2,5,2,3,5,4,4,3,2,4,4,3,5,2,3,4,1,5,3,5,1,5,3,4
2,3,2,3,3,4,4,3,3,3,3,4,5,4,4,3,2,4,3,3,5,3,2,2,1,4,2,4,3,4,4,3
2,3,1,3,3,3,4,3,1,3,2,5,4,1,5,3,2,2,2,3,5,5,5,3,2,2,1,1,3,3,4,2
1,5,5,4,5,5,3,2,1,4,4,3,5,4,3,4,1,3,5,1,5,1,2,3,1,4,2,5,1,5,1,5
2,5,3,4,2,3,5,2,3,2,4,4,5,2,5,3,3,2,2,2,4,4,4,1,2,2,1,4,5,4,5,4
1,3,3,1,5,5,4,2,2,2,4,2,5,3,3,4,1,1,4,1,5,3,2,1,1,4,3,2,1,4,2,1
1,4,5,3,5,5,2,2,1,4,5,3,5,5,3,2,1,4,5,3,5,1,1,3,1,5,2,5,1,5,1,4
2,4,2,4,4,4,4,4,4,4,2,2,4,5,4,4,2,4,4,2,5,2,4,2,2,4,2,2,2,4,4,2
3,3,2,3,3,3,5,3,3,2,2,2,5,5,5,4,1,2,2,2,5,4,3,2,1,2,1,1,1,3,3,3
3,2,3,3,2,4,2,3,4,2,2,2,4,3,4,4,4,2,4,2,3,4,3,1,3,4,2,4,4,5,3,2
1,1,5,3,4,4,4,5,2,3,1,5,5,5,4,1,5,3,1,4,5,4,1,2,1,4,1,4,1,5,5,2
1,3,2,2,5,5,2,1,4,3,5,1,5,3,4,5,1,2,4,1,5,4,4,2,1,2,2,1,2,4,4,1
2,2,3,3,2,4,3,1,5,3,3,3,5,3,3,3,2,4,3,1,5,4,2,3,2,4,1,3,3,3,4,1
1,4,5,3,4,5,5,1,2,4,2,1,5,5,5,5,1,4,3,1,5,1,4,2,1,3,1,5,1,5,2,1
1,4,4,2,3,5,4,2,2,4,4,2,5,5,3,3,1,3,5,2,5,1,2,1,1,5,2,3,2,3,1,2
2,3,3,1,4,4,3,1,1,4,2,1,5,3,5,4,2,3,2,1,3,3,4,3,1,4,2,1,2,4,3,1
5,5,4,4,5,5,5,2,3,3,3,4,5,5,5,5,3,3,5,2,5,4,3,2,1,5,2,5,3,5,3,3
2,3,2,3,3,3,4,2,3,2,3,3,3,2,4,3,3,2,2,2,3,3,4,3,2,3,1,2,3,3,4,2
1,4,2,2,4,5,4,4,1,3,2,4,5,2,3,4,3,3,2,2,5,4,3,5,1,3,1,5,3,5,3,3
1,3,5,2,5,4,3,4,1,4,2,3,5,4,2,1,1,4,3,4,5,2,2,2,1,4,3,5,1,4,2,3
1,4,2,1,2,5,1,1,5,2,4,1,5,3,2,5,3,4,4,1,4,2,1,2,1,4,3,4,4,5,1,2
3,4,2,5,1,4,3,4,3,5,3,4,4,2,5,3,3,5,4,4,3,4,2,3,2,-1,1,4,4,5,4,5
2,5,2,3,3,4,4,3,3,3,2,4,5,4,5,3,2,2,1,2,4,2,2,2,2,4,2,4,4,4,5,4
2,4,4,2,3,5,4,2,4,3,1,3,4,4,4,4,2,2,1,1,4,3,3,2,2,5,1,2,4,5,2,3
2,4,2,4,4,4,5,2,1,2,2,4,4,2,5,4,2,1,4,1,4,2,5,4,2,2,1,4,3,5,4,3
2,3,3,2,2,3,4,2,4,3,2,3,3,2,4,4,3,1,2,2,5,4,3,2,2,3,1,2,3,2,3,2
5,5,5,1,3,5,3,2,1,1,5,3,5,3,5,3,1,3,5,1,5,4,5,2,1,5,5,5,2,3,5,2
2,3,4,4,3,2,4,4,2,1,1,4,4,2,5,2,3,2,3,3,5,5,4,2,2,3,2,3,1,2,3,4
2,5,4,2,4,5,4,4,3,4,2,4,5,3,3,2,1,4,5,2,5,2,2,2,1,4,3,4,2,4,3,3
5,5,1,3,5,5,5,5,1,3,5,3,5,3,5,3,1,4,3,1,5,4,1,3,1,2,1,4,2,5,2,3
3,3,4,2,3,4,3,2,4,3,3,3,3,4,3,4,4,4,2,1,3,2,3,2,3,3,2,4,3,5,2,2
3,3,2,4,3,4,3,3,2,4,1,3,5,3,4,4,2,3,4,2,5,4,4,2,2,5,2,3,4,3,4,3
3,4,2,3,3,4,3,4,2,3,2,3,5,2,2,2,2,4,4,4,4,3,4,2,2,5,2,4,1,4,3,4
1,3,2,3,3,4,5,2,2,3,2,4,5,4,5,3,1,2,1,1,5,4,3,2,1,5,1,5,3,2,4,3
1,3,1,2,5,4,5,3,3,1,1,5,3,3,5,5,1,2,3,1,5,1,3,1,1,4,1,4,4,5,5,1
1,5,4,5,5,5,1,4,1,4,5,5,5,1,1,1,5,2,5,5,5,5,4,5,1,5,5,5,1,2,1,3
1,4,2,5,5,5,1,4,2,1,5,5,5,5,5,1,1,5,5,4,4,2,5,5,1,4,2,5,1,5,4,4
3,2,3,1,2,3,4,1,4,2,4,2,4,2,3,4,4,2,4,1,3,4,1,1,2,3,2,3,2,4,3,1
1,5,5,3,4,4,3,3,3,5,2,2,5,5,4,3,2,5,4,3,5,4,2,2,2,3,1,4,2,5,3,3
1,5,5,5,4,5,2,3,2,5,2,4,5,5,1,3,1,3,5,5,5,1,1,3,1,5,4,5,2,5,1,4
3,2,3,2,4,5,3,2,3,3,1,4,4,4,3,2,2,2,4,2,4,4,4,2,2,3,2,2,4,5,4,2
2,4,3,3,3,3,4,2,3,2,3,2,5,2,3,4,2,2,2,2,4,4,3,3,1,3,2,2,2,3,3,2
1,4,2,3,3,4,3,1,2,4,1,4,5,4,4,2,-1,4,1,1,5,2,3,1,1,4,1,4,2,4,4,2
1,4,5,2,4,5,3,1,2,5,2,1,5,3,2,4,1,4,5,1,5,1,2,1,1,5,3,4,1,4,1,1
2,3,2,2,4,5,3,4,1,4,5,5,4,2,2,2,2,2,4,4,1,5,3,3,2,3,5,3,4,5,1,4
2,4,2,2,5,4,3,3,4,4,4,5,5,4,4,3,1,4,5,3,5,4,2,2,1,5,4,4,5,4,3,4
1,4,4,1,5,5,1,4,2,3,4,2,5,4,5,5,1,2,5,1,5,4,1,5,1,4,5,5,1,2,5,1
2,4,3,2,4,5,3,2,4,2,4,3,5,3,2,4,2,1,4,1,4,4,4,2,1,4,3,5,2,5,2,1
4,5,2,5,3,4,3,1,2,4,5,4,3,5,5,3,4,5,4,3,4,4,3,5,3,5,1,1,3,5,4,2
1,5,4,1,5,4,3,5,2,5,5,5,5,5,2,1,1,4,5,5,5,1,3,2,1,5,4,4,1,4,4,5
3,2,2,3,2,2,3,3,2,1,3,3,3,1,2,3,4,2,2,3,3,4,3,3,3,3,2,4,4,3,3,3
1,3,5,4,5,5,2,4,2,1,2,4,5,2,4,1,1,1,5,5,5,5,2,5,1,2,1,5,3,5,3,4
1,2,4,2,4,4,4,2,2,1,1,3,5,4,5,4,2,1,3,1,4,4,2,2,1,3,1,5,2,3,3,2
4,3,2,2,3,4,3,4,3,1,2,2,5,2,4,3,2,1,2,3,5,2,4,3,1,2,4,5,5,5,5,2
1,4,3,4,4,5,3,3,2,4,3,5,5,5,4,2,1,4,4,4,5,3,4,4,1,4,3,3,2,5,1,4
2,1,5,3,3,2,4,4,1,2,4,2,5,1,1,1,3,1,4,4,3,3,1,5,5,3,3,4,5,3,1,3
3,5,2,4,4,5,5,3,2,4,2,3,5,5,5,3,3,4,5,2,5,2,4,2,2,5,3,4,3,5,5,3
1,5,2,4,3,5,3,1,2,1,2,5,5,2,5,3,2,2,3,1,5,3,4,2,1,4,2,5,4,5,1,2
1,4,4,3,5,3,2,2,3,-1,4,5,5,4,5,4,2,1,5,4,5,4,3,2,1,-1,2,4,3,4,2,3
1,3,4,4,3,4,2,3,2,1,2,4,4,2,2,2,1,1,4,3,4,4,1,2,1,3,4,3,1,4,1,4
3,2,3,2,4,4,3,3,4,3,2,4,4,4,5,2,2,2,4,4,5,4,4,2,2,4,2,5,4,4,4,4
2,4,3,2,5,5,5,3,1,3,3,2,5,3,3,-1,-1,-1,2,-1,5,1,3,1,1,5,5,3,1,5,3,4
5,2,2,1,4,2,3,4,2,2,2,4,5,2,5,4,5,1,2,1,2,2,4,2,2,2,3,2,2,4,3,3
1,4,3,4,5,5,2,5,2,3,4,5,5,5,3,2,1,3,5,5,5,3,3,5,1,4,2,2,1,5,2,5
2,4,5,5,4,5,4,4,1,4,2,4,5,4,1,3,1,4,5,2,5,2,1,4,1,4,4,5,1,4,1,4
1,3,2,4,5,4,5,2,3,3,1,4,5,2,4,4,1,2,2,2,5,2,2,3,1,4,1,4,3,1,4,3
2,1,2,3,4,4,5,1,2,2,1,2,4,2,3,4,1,1,2,2,5,3,4,2,1,2,1,1,1,4,5,2
2,4,3,5,5,4,3,4,2,4,2,5,4,1,2,2,1,3,5,4,5,4,4,4,1,3,1,4,2,4,4,5
1,3,3,3,4,5,3,2,2,3,2,3,5,5,4,3,1,4,4,1,5,1,4,3,1,4,1,4,1,5,4,2
2,4,3,3,4,5,3,4,3,3,3,4,4,3,3,4,3,3,3,3,3,4,4,2,3,4,3,4,2,4,4,3
1,2,4,2,4,3,2,2,1,3,4,4,5,3,1,3,1,3,4,2,4,4,1,1,1,4,5,4,1,1,1,4
1,3,4,3,4,5,1,3,4,3,4,3,5,4,4,4,1,3,5,3,5,3,2,2,1,5,2,3,2,3,1,3
2,2,3,3,4,3,4,2,2,3,1,3,5,4,2,2,2,2,2,2,5,3,2,3,1,3,2,2,2,3,4,4
1,1,5,5,5,5,5,5,1,5,1,1,5,5,5,5,1,1,5,1,5,3,5,5,1,5,1,5,1,5,3,5
4,2,3,4,2,3,3,3,5,3,2,4,2,3,4,3,4,3,3,2,2,3,1,4,4,4,2,2,5,4,3,3
1,3,5,3,5,5,4,3,2,1,5,2,5,1,4,2,1,1,5,2,5,2,2,1,1,1,1,4,1,1,2,2
2,2,4,5,5,5,2,4,4,4,4,5,4,4,4,1,1,1,2,2,4,2,1,3,4,4,4,4,3,4,1,4
1,1,5,2,3,4,3,1,3,1,4,4,4,3,2,4,1,1,5,1,4,5,2,3,2,3,4,3,2,4,1,1
1,5,4,4,4,5,5,3,2,4,2,2,5,5,4,4,1,4,3,1,4,1,3,2,1,5,1,5,3,5,3,2
2,4,5,3,4,4,4,5,1,4,4,4,5,5,5,2,1,5,4,5,5,2,3,5,1,4,3,4,1,4,1,4
3,2,4,3,4,3,4,3,2,2,3,4,4,3,3,2,2,2,3,2,4,4,3,2,2,2,2,2,2,2,3,4
3,4,3,3,4,4,3,3,1,1,4,2,5,4,3,4,4,1,3,1,4,4,3,2,2,3,1,5,3,4,4,2
3,2,1,1,3,4,4,1,4,2,2,1,4,3,5,5,2,3,3,1,4,4,4,1,2,4,1,1,3,4,3,1
4,3,2,3,1,2,3,3,2,2,4,4,4,1,5,2,4,1,2,3,4,1,4,2,2,2,1,2,3,3,2,2
3,2,4,2,1,4,4,2,1,2,2,2,2,2,5,3,3,1,2,3,4,4,3,2,3,3,1,1,4,4,4,3
3,4,4,3,2,5,3,1,5,4,1,3,4,5,5,5,5,4,3,1,4,4,1,1,2,4,1,4,5,4,4,1
1,3,4,3,4,5,4,2,2,3,4,2,4,3,2,4,1,4,4,2,5,2,2,2,1,4,4,4,1,4,1,4
2,4,3,3,4,5,3,3,2,4,2,4,5,5,3,3,2,4,4,3,5,4,2,4,1,4,4,5,2,5,2,4
3,2,1,2,2,5,2,2,2,1,4,2,4,2,1,1,2,1,5,2,4,1,3,3,2,1,1,4,4,4,2,2
1,4,1,3,4,5,4,1,1,4,1,2,5,5,5,5,1,4,2,1,5,3,4,2,1,4,1,3,4,5,4,2
1,5,3,5,3,1,3,5,2,4,2,2,3,3,2,3,4,3,4,2,4,2,2,3,2,4,1,4,3,4,2,5
2,3,1,2,3,5,2,1,3,3,2,3,5,3,5,4,2,2,3,2,4,4,2,1,2,2,4,2,2,5,1,3
1,4,3,2,5,3,4,1,1,3,3,2,5,5,2,3,1,4,2,1,5,2,1,1,1,3,1,1,1,4,1,4
2,5,3,3,4,3,4,2,2,2,2,2,5,5,5,3,1,2,2,2,5,3,2,3,1,4,3,5,2,4,4,4
2,3,2,2,4,3,4,2,1,3,2,4,5,4,4,3,1,3,3,2,5,3,3,3,1,5,3,4,1,2,3,4
3,3,3,4,1,5,3,2,3,1,1,2,4,1,4,3,2,1,2,1,4,5,4,3,3,1,2,1,5,5,1,4
1,4,1,1,4,4,4,2,2,2,4,1,4,2,3,4,2,3,4,1,4,2,5,3,1,1,3,5,1,5,3,1
2,4,1,1,4,4,4,4,4,4,1,3,5,3,2,4,2,3,1,1,4,3,5,1,2,4,2,1,2,4,5,1
5,1,3,2,3,2,4,1,2,1,1,1,5,4,2,1,2,1,4,1,5,1,1,1,1,1,2,5,3,4,4,4
2,5,2,1,4,5,4,1,2,4,2,1,5,5,5,5,1,5,1,1,5,1,3,1,1,5,1,5,1,5,4,1
4,3,3,5,2,4,4,5,2,3,1,5,5,5,4,3,4,3,3,4,5,1,1,2,2,2,2,5,4,4,3,5
2,3,2,4,2,4,4,4,2,2,2,4,4,3,4,3,3,3,2,1,3,4,4,4,2,3,1,2,4,4,4,4
3,2,1,4,1,4,5,1,3,3,1,1,3,3,5,5,4,2,1,1,2,3,4,3,1,3,1,1,5,4,2,1
1,3,3,4,4,5,4,3,2,2,2,3,5,5,3,4,1,3,4,2,5,2,3,4,1,4,2,5,2,4,2,4
2,3,2,2,3,3,2,2,2,3,1,3,4,4,2,4,2,3,4,2,4,3,1,2,1,3,3,3,3,3,3,4
3,2,3,1,5,5,2,1,3,2,5,1,5,3,3,5,1,3,5,1,4,1,2,1,1,3,4,3,1,5,1,1
1,5,2,3,4,4,4,3,2,3,2,3,5,3,4,3,1,3,4,2,5,3,4,2,1,4,1,4,1,4,4,4
1,4,3,3,4,5,5,3,1,4,1,4,5,5,4,2,1,4,2,3,5,2,4,2,1,5,1,3,1,4,4,3
2,3,5,5,3,5,2,3,2,3,3,5,3,4,1,2,1,2,4,3,4,2,2,4,2,3,2,4,2,4,2,4
2,3,1,2,5,5,4,3,1,3,4,2,4,5,5,2,1,3,4,2,5,4,4,1,1,5,1,3,1,5,2,3
3,2,1,1,3,4,4,1,5,1,1,1,4,2,4,5,3,2,1,1,4,4,4,1,2,2,2,2,3,4,4,1
1,4,2,4,4,4,5,4,2,3,1,3,5,4,5,2,2,3,2,4,4,3,4,4,2,3,1,3,2,4,4,3
1,4,2,2,5,5,3,2,2,4,4,4,4,2,2,2,2,4,4,2,4,2,2,2,2,4,2,3,2,4,2,2
2,2,4,1,3,3,3,1,3,2,1,4,5,2,4,5,2,2,2,1,5,4,2,2,1,3,3,4,2,4,2,1
1,3,4,4,5,5,2,5,1,3,4,5,4,2,3,5,1,2,5,5,5,4,4,5,2,5,5,5,2,4,1,2
1,1,2,3,4,5,5,3,4,2,1,4,4,1,4,3,2,1,1,3,5,5,4,3,2,1,2,5,3,4,5,3
3,2,4,1,2,5,3,3,4,1,4,1,2,2,5,5,3,4,4,2,4,3,5,2,3,1,1,1,2,3,3,3
1,3,4,3,5,5,5,3,1,3,3,3,5,2,5,4,2,3,5,3,5,3,3,5,1,5,1,3,5,5,3,4
3,3,4,2,2,2,1,1,5,1,5,1,2,2,4,5,-1,1,4,1,3,2,4,1,4,1,1,1,4,5,2,1
2,2,4,1,4,5,3,1,2,2,2,2,4,3,5,5,1,2,4,1,5,3,4,2,2,4,1,5,2,4,4,3
3,3,4,4,4,5,4,2,2,4,3,4,3,2,4,3,3,1,1,2,4,4,4,2,3,4,2,2,3,5,4,2
1,5,2,1,3,4,4,5,3,4,1,3,5,5,2,2,1,3,2,2,5,2,2,1,1,3,1,2,3,5,5,1
-1,4,5,4,4,5,4,5,2,3,5,5,2,5,1,3,1,2,4,5,5,5,3,4,5,5,4,5,4,5,5,5
3,3,3,3,2,4,3,4,2,4,2,4,5,3,2,2,3,3,4,4,4,4,2,2,2,3,2,2,3,4,3,4
2,4,1,2,5,5,1,4,1,5,5,1,5,5,5,4,1,4,5,1,5,2,2,1,1,5,1,5,1,5,1,2
4,3,2,1,3,3,4,1,3,2,1,3,2,3,3,4,2,2,1,1,5,3,2,1,4,4,3,2,2,3,2,1
1,2,3,2,5,5,5,2,1,2,2,3,5,4,5,4,1,2,3,2,5,5,2,1,1,4,2,4,2,3,3,1
2,3,2,4,4,5,4,3,2,4,2,3,4,4,5,3,2,3,1,3,4,3,4,2,2,4,2,4,2,4,4,3
2,3,4,3,4,2,2,2,2,2,4,2,4,2,2,2,3,2,3,2,3,2,2,3,2,3,3,3,2,3,1,3
2,1,3,2,3,4,4,1,1,3,1,2,5,2,4,4,2,1,4,1,4,5,4,1,1,2,1,1,2,4,3,1
1,3,4,2,5,3,4,1,2,1,2,2,5,3,2,2,2,1,2,2,4,4,2,1,1,3,4,3,1,3,2,4
3,3,2,3,5,5,2,2,1,2,2,2,5,4,5,4,2,3,3,2,5,4,3,2,2,4,2,4,3,4,4,2
1,4,4,4,5,5,3,4,1,4,3,5,5,5,3,2,1,4,4,4,5,2,2,3,1,4,4,5,1,3,3,4
1,3,3,5,3,4,2,4,3,2,4,4,5,4,1,2,1,4,5,5,4,2,2,3,2,5,4,4,5,4,2,4
1,3,3,2,4,5,3,1,3,2,5,3,5,4,2,4,1,2,3,1,5,5,3,2,1,3,2,3,1,5,5,3
1,3,3,1,3,3,4,2,2,3,4,2,4,3,4,3,1,3,2,1,5,3,4,1,1,5,2,3,1,5,4,3
1,3,4,2,1,1,3,2,2,2,3,3,5,1,2,3,1,2,5,2,5,5,3,1,1,4,2,5,1,5,2,3
1,3,4,2,5,3,4,3,1,2,4,2,4,1,5,3,1,1,4,2,4,5,4,3,2,1,1,4,2,2,1,2
1,3,4,4,5,5,3,4,1,3,3,3,5,3,2,1,1,3,5,2,5,3,1,1,1,3,1,5,1,5,1,3
1,4,4,3,4,4,4,3,2,4,4,4,5,4,3,2,1,4,3,3,5,3,3,2,1,4,4,4,2,4,3,4
5,2,1,1,3,4,3,1,5,1,1,1,2,1,2,1,5,1,1,1,2,4,4,1,4,2,1,1,4,2,1,1
1,4,3,3,3,3,4,2,2,4,2,4,5,4,4,3,2,2,3,2,5,3,3,3,1,4,1,4,5,4,3,4
3,2,1,3,4,3,4,2,3,1,2,3,4,1,4,3,3,1,2,2,5,5,4,2,2,2,3,2,3,4,3,2
1,5,2,3,4,5,3,2,3,5,4,4,5,5,2,2,1,5,4,2,5,1,5,1,-1,5,4,5,1,3,2,3
1,5,5,5,5,5,1,2,1,5,5,4,5,5,1,1,1,5,5,2,5,1,1,1,1,5,1,5,1,5,1,2
2,4,4,2,5,5,4,2,1,4,2,3,5,5,4,4,1,3,4,2,5,3,2,2,1,4,2,2,1,5,1,2
3,5,4,4,3,5,3,3,3,3,4,4,4,4,4,3,2,4,4,3,5,4,3,4,1,5,2,3,2,4,2,5
1,5,5,1,5,5,4,-1,2,2,2,2,5,2,3,4,1,2,4,1,5,2,1,1,1,3,4,2,1,5,1,1
1,3,2,3,4,5,5,1,2,3,2,2,4,5,4,4,1,4,2,1,5,2,4,2,2,5,1,2,2,5,4,4
1,2,1,4,1,3,5,2,1,2,3,4,5,5,3,1,1,2,3,1,5,2,2,3,1,4,2,5,2,5,1,5
1,4,3,3,5,5,5,3,5,4,4,1,5,4,5,5,1,4,3,1,5,4,4,4,1,5,3,2,1,4,5,3
2,3,3,2,2,3,4,2,3,1,2,2,5,2,4,4,2,1,3,1,4,3,3,3,1,1,1,3,2,4,2,2
1,4,3,1,3,5,1,1,5,1,5,1,5,5,1,5,4,3,3,1,5,1,1,1,1,5,4,4,1,5,1,1
2,4,5,1,4,5,2,2,2,4,5,1,5,4,2,4,2,3,4,1,5,3,4,2,5,3,5,4,1,5,1,3
1,5,5,5,5,5,4,5,5,5,5,1,5,5,1,1,1,5,1,5,5,1,1,1,1,5,1,5,3,5,4,5
5,4,1,2,2,4,2,1,2,2,3,3,4,1,5,2,1,2,4,1,2,5,5,3,2,2,1,1,5,5,3,1
2,3,2,2,4,5,3,2,2,1,3,2,5,2,4,4,1,3,2,2,5,2,5,2,1,4,1,4,2,4,2,2
1,5,4,4,4,5,3,1,1,2,1,3,5,5,1,1,1,1,3,1,5,3,1,2,1,5,3,5,2,5,1,2
3,4,4,3,4,3,4,4,3,3,2,3,2,5,5,4,5,5,5,4,5,5,5,4,4,5,5,4,3,3,2,3
1,5,4,2,5,5,2,5,1,4,2,5,5,3,2,1,1,3,4,4,5,4,2,2,1,5,1,3,1,5,1,5
2,3,1,2,3,2,4,2,3,2,2,3,4,3,3,3,2,3,3,1,4,4,4,2,2,4,3,1,2,2,3,2
2,3,4,3,4,5,1,3,3,2,3,3,4,3,2,2,1,2,3,3,4,3,2,3,1,4,1,2,2,5,2,3
1,5,4,2,5,4,3,2,2,3,2,3,5,3,5,4,1,2,3,2,5,3,2,1,1,3,3,2,2,3,3,5
1,4,4,2,5,3,2,4,3,2,1,5,4,2,2,1,1,3,3,3,5,3,2,4,1,3,4,1,2,2,2,5
2,4,3,1,3,3,2,3,4,3,3,4,5,3,5,1,1,2,4,2,5,4,3,2,1,3,1,2,2,4,2,4
3,3,2,3,2,3,2,2,2,2,3,4,4,3,4,2,4,2,2,3,4,2,3,4,2,4,3,4,2,4,2,4
2,3,3,5,3,5,3,5,2,2,3,3,5,3,3,1,2,2,3,5,4,1,3,4,1,2,1,2,3,3,1,5
1,4,3,3,4,4,3,3,2,4,2,3,5,4,3,3,2,4,4,3,5,2,3,3,2,4,2,3,3,4,3,3
2,5,3,3,2,4,3,2,-1,4,3,1,5,4,4,4,2,5,5,1,5,3,3,2,1,4,1,3,2,4,5,2
2,4,2,2,5,5,2,1,1,3,3,1,5,3,3,5,2,3,3,1,5,5,3,2,1,2,3,2,1,4,3,1
4,5,4,5,4,4,2,2,1,5,5,5,5,5,3,3,2,5,5,2,5,2,5,2,1,5,2,3,4,5,5,4
1,4,4,4,4,4,2,4,2,4,1,2,5,4,2,2,1,4,3,4,5,3,2,2,1,4,2,5,2,3,3,4
2,3,2,2,4,3,4,2,1,2,2,3,4,3,5,4,2,2,5,1,5,4,4,2,2,4,2,4,3,2,4,2
2,-1,3,2,4,5,3,1,3,3,4,3,3,2,4,4,2,2,4,2,4,4,3,2,1,4,4,4,1,5,2,2
2,4,4,3,4,5,2,3,2,4,4,2,4,4,2,3,2,4,5,3,5,2,1,4,2,5,2,5,2,5,1,3
1,5,5,5,5,5,3,5,1,4,5,3,5,5,2,1,1,5,5,4,5,1,1,4,1,5,1,4,1,3,1,5
1,3,5,1,3,3,4,1,5,2,5,1,5,2,3,5,2,1,3,1,4,5,1,1,1,3,5,1,1,3,1,1
3,2,3,2,3,5,4,2,5,2,4,3,4,3,5,4,2,3,3,1,4,5,4,3,1,4,2,3,2,4,3,1
2,1,4,2,4,4,5,1,1,2,2,4,5,2,5,4,2,4,5,2,5,5,4,3,1,5,1,1,2,2,4,4
3,4,4,2,2,4,2,3,2,4,2,2,4,5,2,2,2,4,4,2,4,2,2,1,2,4,2,4,2,5,1,3
2,3,1,3,5,4,4,3,4,3,3,4,5,4,5,3,4,4,3,3,5,4,4,2,1,5,2,3,4,4,3,4
2,3,2,4,3,4,3,4,5,2,5,4,5,3,5,2,1,2,5,3,5,3,2,5,1,4,3,1,1,2,1,5
3,2,4,1,3,4,2,1,2,2,4,1,5,3,3,2,3,2,2,1,3,5,2,1,1,3,4,1,3,4,2,1
2,5,3,1,3,5,5,1,2,4,1,1,5,4,5,5,1,5,1,1,5,4,1,2,1,5,1,5,2,5,5,1
2,3,3,3,4,4,4,3,4,2,4,3,5,3,4,3,2,3,4,2,4,4,3,2,2,4,1,5,3,4,3,3
2,5,3,1,3,5,4,3,3,5,3,4,5,5,3,2,3,5,1,2,3,2,3,3,2,5,3,2,4,5,3,4
5,2,3,2,2,5,3,2,5,2,4,2,3,1,3,4,3,2,4,3,3,5,2,3,3,4,2,1,5,5,3,2
1,2,3,1,5,5,4,1,2,4,2,2,5,2,5,5,1,2,5,1,5,4,2,2,1,5,2,5,1,4,1,1
3,4,4,3,3,3,4,2,3,3,4,2,4,4,2,4,3,2,3,2,3,3,2,3,3,3,2,3,4,3,2,3
-1,-1,-1,-1,-1,-1,-1,-1,-1,-1,-1,-1,-1,-1,-1,-1,-1,-1,-1,-1,-1,-1,-1,-1,-1,-1,-1,-1,-1,-1,-1,-1
2,2,3,3,3,3,5,3,2,3,2,3,3,2,4,3,3,1,2,3,4,5,3,2,3,4,1,1,3,2,3,2
2,5,2,3,4,5,3,2,2,5,2,2,4,4,2,4,2,5,4,2,4,2,4,3,2,4,2,2,2,5,2,1
2,4,4,4,2,5,2,2,4,2,4,2,5,4,2,1,4,2,5,4,3,2,1,3,1,3,2,5,2,4,1,3
2,2,2,3,2,4,5,2,3,3,2,2,5,4,5,5,2,3,1,2,4,5,4,1,1,3,1,2,2,4,3,3
2,3,3,4,2,5,4,4,3,2,2,4,4,2,1,2,2,2,3,3,3,3,2,3,1,3,1,3,3,4,3,4
2,4,3,3,4,4,4,2,2,5,2,4,4,4,3,3,2,5,3,2,4,2,3,3,2,5,3,3,2,4,4,4
4,3,2,2,3,4,2,1,5,4,4,1,4,2,4,5,4,3,4,1,2,4,2,5,3,4,4,4,3,4,5,2
1,4,5,5,3,5,2,4,2,2,4,1,5,5,2,1,2,2,4,4,4,1,2,4,1,4,4,5,3,4,1,4
3,3,2,2,4,5,2,2,3,2,2,4,4,3,5,4,1,2,4,2,5,2,4,1,1,3,3,5,2,4,5,2
1,1,5,5,2,5,5,5,1,3,1,5,5,5,1,1,1,2,1,1,5,4,5,2,1,5,1,5,2,2,4,4
3,2,4,5,5,5,4,1,5,3,1,2,3,1,5,5,1,1,1,1,5,4,5,2,3,3,4,4,1,4,4,3
2,4,3,5,3,2,2,3,2,4,5,5,5,4,3,3,2,1,5,5,-1,3,3,3,2,2,3,1,4,2,2,5
2,1,3,2,3,2,4,2,3,1,2,1,5,3,4,4,2,1,3,1,4,5,4,2,1,2,2,4,2,3,2,3
1,4,3,1,5,4,4,1,2,1,2,1,5,3,3,2,1,1,4,1,5,3,2,1,1,4,3,4,1,1,1,4
2,4,1,3,4,4,5,2,3,2,1,2,5,4,5,4,1,3,3,2,5,1,4,3,1,3,1,1,1,4,3,4
1,5,2,2,1,1,2,2,4,1,1,2,1,4,5,3,5,5,1,2,5,5,4,1,1,3,1,5,1,1,5,2
2,4,3,5,3,5,3,2,3,3,4,4,5,3,3,4,3,4,4,3,5,3,4,3,1,4,1,2,2,5,3,2
1,4,3,2,5,5,3,5,3,2,3,4,5,4,1,2,1,3,4,4,4,3,1,1,1,-1,5,5,2,1,3,2
3,3,3,2,3,2,4,3,4,2,2,3,4,2,4,3,2,2,2,2,4,5,4,2,2,4,2,2,4,2,3,2
4,4,3,4,5,5,1,2,1,3,4,5,4,3,2,1,1,1,1,1,5,2,1,1,1,5,1,5,2,5,1,5
4,4,5,4,2,5,2,4,5,3,4,3,4,3,2,3,4,4,5,4,2,4,2,3,2,4,5,4,2,4,2,3
4,3,2,2,3,1,2,3,2,2,4,2,4,3,5,2,-1,2,1,1,4,4,5,2,3,1,1,5,1,5,5,2
2,1,4,1,5,1,5,1,1,1,3,1,5,1,4,5,1,1,1,1,5,5,2,1,1,1,1,1,1,1,3,1
1,3,3,4,5,4,3,2,2,3,3,4,4,4,5,5,1,4,3,2,5,3,3,4,2,4,2,4,2,3,5,3
4,2,3,2,1,4,2,3,3,2,2,3,4,1,2,4,2,2,1,2,4,4,3,3,2,3,3,4,5,4,3,3
3,2,3,2,2,4,3,1,3,2,4,3,4,3,5,4,3,3,2,1,4,3,2,2,2,3,2,3,4,4,3,1
2,1,1,3,4,3,2,4,2,1,2,4,5,2,5,3,1,4,4,3,5,5,4,3,-1,2,1,4,3,2,2,4
2,3,4,3,3,4,2,3,4,3,5,3,4,4,3,4,2,4,2,2,4,2,3,4,1,5,3,4,4,4,3,5
3,4,2,3,5,5,3,3,2,1,2,1,5,2,2,3,3,4,4,2,5,5,3,2,1,1,3,5,4,5,4,3
1,5,3,2,5,5,4,3,2,4,2,4,5,5,5,3,2,4,3,2,5,2,4,4,1,4,1,4,1,5,4,4
2,4,5,3,4,4,3,3,1,3,3,3,5,4,3,3,2,4,3,2,5,2,2,3,1,5,1,3,2,5,1,3
4,5,3,4,5,5,4,3,2,3,5,5,5,3,3,2,1,3,4,3,5,3,2,2,1,5,5,4,2,4,2,5
2,4,3,2,3,3,4,3,2,2,2,4,4,3,5,3,2,2,2,2,4,3,4,2,2,3,2,3,3,5,4,3
1,4,5,2,4,4,2,3,2,4,2,4,5,4,2,2,1,4,5,3,5,5,2,2,1,3,5,3,2,4,1,3
2,4,2,3,3,4,4,3,3,3,2,3,4,4,2,3,3,4,4,3,4,2,2,2,3,4,3,3,3,4,3,4
3,4,4,4,3,4,3,2,4,2,4,3,4,4,2,3,2,2,3,2,5,2,2,2,1,4,1,1,1,1,1,1
2,5,3,2,3,5,4,1,2,5,4,1,5,5,4,5,2,5,4,1,4,1,1,1,1,5,1,3,3,5,1,3
1,4,5,4,5,5,3,2,1,3,5,2,5,4,5,5,1,2,3,1,5,1,2,1,1,4,5,4,1,5,1,1
1,4,3,4,5,5,3,3,2,4,3,3,5,5,2,3,1,5,5,2,5,2,2,3,1,4,5,3,1,5,2,3
2,4,3,2,3,4,2,3,2,4,2,4,5,3,4,3,2,4,2,4,5,3,2,3,1,4,3,3,2,4,2,2
3,2,3,3,2,5,3,2,3,4,1,4,2,2,4,4,4,1,2,2,4,4,3,3,3,4,3,2,5,4,4,4
1,4,5,2,4,4,1,2,2,5,2,2,5,4,1,2,1,3,4,2,5,3,1,3,1,4,5,4,1,4,1,2
1,4,4,5,4,4,3,5,4,3,4,5,5,5,2,1,1,3,4,5,5,4,2,4,1,4,4,4,2,4,1,5
3,4,4,3,3,4,3,2,4,3,3,2,4,4,3,4,3,3,3,2,3,3,2,3,2,4,2,3,3,4,3,3
4,2,1,3,3,5,3,2,4,3,3,4,4,2,5,4,3,1,4,2,5,3,3,2,2,4,2,2,2,4,3,1
